tic,signal,period,depth_ppm,pixel_depth_ratio,ratio_err,sigma_from_1,pixel_detection_sigma,class,offset_arcsec,target_sigma_total,reduced_chi2
55450839,1,0.8103527533518742,198.665368667012,0.9525184427016945,0.25889232125560785,-0.1834027253802801,4.1004966806497,consistent,4.242640687119285,0.3418591282905969,1.0742238585995854
259039250,1,31.302569866606778,814.6458677222864,0.9139374600575425,0.28337985148958916,-0.30370027893680107,3.4976969334470827,consistent,6.4031242374328485,0.5654624175867387,1.3454021042575106
258923893,1,36.03411428510203,554.3455471806009,0.7428984238833919,0.289995845922742,-0.886569858607915,2.692115856828127,marginal,16.1245154965971,1.6543387869841484,2.4744392303550042
359482441,1,21.065986056710358,1046.5213800686058,0.7461854944769529,0.20830854053554756,-1.218454629226947,3.967352943522079,consistent,7.280109889280518,1.265112369082993,1.1334527191933716
38709037,1,39.79733293393388,734.3981204700041,0.6754705633440425,0.18366344401898835,-1.7669789346997404,4.09849753079076,consistent,12.165525060596439,1.6054533911962399,1.26391157104151
260241701,1,39.348185207321464,1492.088512498562,0.646495879798262,0.18918152805324065,-1.86859744626998,3.746869205253518,consistent,6.324555320336759,0.7962067310359466,1.4448816293961197
260658693,1,26.41237356457637,1016.9803814440784,0.6287893885876923,0.1968911736281792,-1.885359331106043,3.4575642324041564,consistent,2.23606797749979,0.10626856803591239,1.2005476810943372
350433316,1,9.375296531587706,1019.0533466965339,0.6729265393074549,0.15489572666415508,-2.111571879589072,5.090930725439269,marginal,18.384776310850235,1.1496881198809414,1.1329781382642081
356786247,1,14.303158760745905,419.85459934935824,0.6598937774647587,0.1492122779472371,-2.2793447510767586,5.217948565444187,marginal,94.40338976964757,3.8937855633450034,1.2773731442801164
258776466,2,39.375762107215756,1582.8767243283737,0.635962173671744,0.15273178357310635,-2.3835106080196216,4.807017264751418,marginal,13.152946437965905,1.4064738977454176,1.2309961044983593
359388713,2,12.67385755732621,1297.2744757916869,0.5407519247196547,0.17466275570345466,-2.6293417473617806,3.334651495461183,marginal,32.31098884280702,2.2408484257502934,1.4424358590257478
165471200,3,18.841167087721036,633.1848343470195,0.3170839771046915,0.25545334879872844,-2.673349267514898,1.25526283773045,marginal,117.41379816699569,1.850802468637569,1.4670706635584065
349830417,1,37.94014630019701,2786.9055104127424,0.3793530559223914,0.22199591829927673,-2.795758358227574,1.7459308467300685,marginal,81.00617260431454,2.6825113211608587,1.084758833140038
232629466,2,12.976284863666127,1528.4500158562257,0.5927718770857188,0.1421881949589937,-2.864007965160002,4.814729645394336,marginal,107.70329614269008,2.165554957337644,1.142843911335567
441728165,1,38.596893615145895,386.297209091411,0.5569649199162323,0.10784233778284567,-4.108173924937304,6.580849747159495,not in pixels,83.72574275573791,2.9999124529535113,1.9104430820327316
260369411,1,16.818405063003603,1329.9590321367004,0.44307726661317465,0.1267979830160211,-4.392204987333729,3.849099366543936,not in pixels,4.123105625617661,0.4878911775919026,1.0916255474720553
311235628,1,37.19495460541903,1605.5676232603664,0.42689492517156674,0.12194978290974684,-4.699516974561401,3.8574223969414176,not in pixels,14.212670403551895,0.50601183769949,1.3649156241573057
232629466,1,38.77233348110976,3415.9653890686855,0.03261421633549082,0.12442462057809765,-7.77487429071411,0.26225004436488086,not in pixels,115.15641536623133,2.726397120329148,0.9231469385442059
167087044,4,37.95251488645277,1597.7840018832312,0.2952218116696294,0.08350207287103782,-8.440247817785833,3.9043021437239704,not in pixels,58.309518948453004,1.0917314846205168,1.0616598808031084
306574570,1,17.008385622044123,117.36867790104229,0.24285828958483477,0.06551930687576195,-11.556009160030666,4.138615389283203,not in pixels,111.39569111954016,1.8558655873461154,1.1695519575519053
232649744,2,25.967666163075307,23904.4067913261,0.05282018839218936,0.021229374801557784,-44.61647224478357,2.6069798648829945,not in pixels,6.0,0.2971748952034308,1.1443608680116084
