tic,signal,period,depth_ppm,rp_rearth,snr_red,verdict,novelty,gaia_possible_sources,ruwe,in_both_halves,half_snrs,reasons
32090583,5,2.146799282289458,1245.3434560394244,1.095492974263776,11.05390303656935,candidate,new,7,1.117,True,"[11.022033994222824, 8.410892596509207]",
38709037,1,39.79746306938931,666.5559278614044,1.4555971017519072,6.092163596205794,weak candidate,new,6,1.199,True,"[6.9933132751918965, 5.501930797214674]",modest red-noise SNR 5.5
55450839,1,0.8103549959046976,206.830432435663,0.8624109303695436,6.233821934261132,weak candidate,new,13,1.229,True,"[4.4803224557073085, 4.980521106185616]",modest red-noise SNR 5.5
149390648,1,2.836888323641019,828.9322605565926,1.083695183347988,9.060189445223806,candidate,SPOC TCE only (never promoted),28,1.229,False,"[5.394382830450948, 7.583310089376486]",
165471200,3,18.841078635430684,725.3955466607329,1.131775104273985,7.75070003895358,weak candidate,new,2,1.359,True,"[15.085074139379703, 6.677670685911614]",modest red-noise SNR 5.9
167087044,4,37.95227129966179,1707.0568052681322,1.5956712176715635,9.086000930703495,weak candidate,new,39,1.351,False,"[8.206510400648181, 11.320741664552997]",modest red-noise SNR 5.9; transit depths vary by ~179% (chi2/dof 10.4)
198412174,1,1.3901609419472463,402.34674096538356,1.2536987814749794,9.740762107165423,candidate,SPOC TCE only (never promoted),8,1.208,True,"[7.617465294875707, 7.4442988810887725]",
229689348,1,0.46537685976547344,657.6848879910847,1.2039880754829682,10.40385723653951,candidate,SPOC TCE only (never promoted),5,1.017,True,"[8.500212702233396, 7.781453900825573]",
232629466,1,38.77229764295006,2874.4913038117343,2.6844802623008137,7.303617163559142,weak candidate,new,4,1.141,False,"[9.74426300754435, 5.425679931058169]",transit depths vary by ~161% (chi2/dof 11.5)
232629466,2,12.976246082718328,1623.0809622363095,2.017203938728607,6.49704896637866,weak candidate,new,5,1.141,True,"[7.391879099478241, 5.373233368534832]",modest red-noise SNR 5.7
232649744,2,25.96763311203301,2589.0923512699696,1.304578088273135,6.026969647622816,weak candidate,new,13,1.118,False,"[7.5972407052209645, 9.352310012186258]",modest red-noise SNR 6.4; transit depths vary by ~194% (chi2/dof 5.2)
258776466,2,39.37554731027097,1427.4483338225589,1.7176995808066622,8.246770993335877,weak candidate,new,5,1.206,True,"[5.6069220820337655, 9.313227471052999]",modest red-noise SNR 6.9; transit depths vary by ~153% (chi2/dof 7.6)
258923893,1,36.033978433556015,571.3010187143782,1.4068294589017958,6.023619347157157,weak candidate,new,4,1.156,True,"[5.03946130335496, 7.61623222191357]",modest red-noise SNR 5.2; transit depths vary by ~327% (chi2/dof 12.4)
259039250,1,31.302556253310392,900.6500867416169,1.2915108576211025,6.277750058827542,weak candidate,new,12,5.166,False,"[7.302238541276289, 5.301220710990206]",modest red-noise SNR 5.3; transit depths vary by ~91% (chi2/dof 3.1)
260241701,1,39.3482919859604,1311.6669096670817,1.8544488005604123,6.552860672011604,weak candidate,new,11,1.171,True,"[6.1095885153762355, 7.571134938807206]",modest red-noise SNR 5.5; transit depths vary by ~110% (chi2/dof 3.3)
260369411,1,16.818404576575187,1048.9210345946135,1.9229476172356323,6.44621057876846,weak candidate,new,10,1.04,False,"[6.8247921397263145, 5.659282736777375]",modest red-noise SNR 5.4
260658693,1,26.41223863320012,1280.186601079595,1.2449287785266827,7.144907822431671,weak candidate,new,4,1.177,True,"[8.642340605501936, 5.4256166999076285]",transit depths vary by ~130% (chi2/dof 4.6)
294053492,1,1.0852620610728547,1107.3677804155798,1.5518179575512507,7.9245608225234525,candidate,new,17,1.078,True,"[8.303203997235489, 4.778200896308387]",
306574570,1,17.008364031389764,150.78418119061965,0.6657349442759785,7.556570535314412,weak candidate,new,11,1.056,True,"[7.145714145810837, 6.090886894054633]",modest red-noise SNR 5.5; transit depths vary by ~289% (chi2/dof 11.7)
311235628,1,37.19509397855181,1918.8112620406343,2.3817886894227005,6.407888281011293,weak candidate,new,2,1.193,True,"[7.5074266513212615, 10.559609486375965]",modest red-noise SNR 6.9
349830417,1,37.94013701888045,2825.902616175869,1.9916649651331386,6.6009852416398855,weak candidate,new,15,2.554,True,"[5.661569821846164, 6.572268187571978]",modest red-noise SNR 5.6; transit depths vary by ~102% (chi2/dof 6.0)
350433316,1,9.375301069646504,996.4248322568434,1.6795041313440628,6.6152676274882145,weak candidate,new,6,1.154,True,"[6.01010105449225, 5.403601874856908]",modest red-noise SNR 6.0
356786247,1,14.30309204168321,447.7395666149486,0.9799800364154493,6.791468013360076,weak candidate,new,7,1.157,True,"[6.128349389900187, 8.98727702308793]",modest red-noise SNR 6.4; transit depths vary by ~174% (chi2/dof 5.1)
359388713,2,12.673836978419795,1731.5176391316918,1.785713758007753,6.8391324496594645,weak candidate,new,5,1.009,True,"[6.0421452260736075, 6.934524518426836]",modest red-noise SNR 5.6
359482441,1,21.065897921739897,1063.1092287555166,1.2083709951256558,7.2778202090896,weak candidate,new,10,1.171,True,"[5.093173131456072, 8.210306238139172]",modest red-noise SNR 5.3; transit depths vary by ~114% (chi2/dof 3.6)
441728165,1,38.59691094783234,371.5568305501,1.2354419097375962,6.33842920639717,weak candidate,new,6,1.105,True,"[5.60357518475826, 6.393872674696856]",modest red-noise SNR 5.5; transit depths vary by ~160% (chi2/dof 8.8)
