candidate_tic,gaia_dr3,sep_arcsec,pa_deg,gmag,tmag,eclipse_depth_needed_pct,pixel_exclusion_sigma,could_cause_signal,open
32090583,4667466549703138304,13.5,226.0,14.79,13.62,0.13,4.4,True,False
32090583,4667466652782354176,36.1,65.0,17.43,16.96,0.528,8.2,True,False
32090583,4667466476687967488,37.0,158.0,20.32,19.88,5.58,8.4,True,False
32090583,4667466511047710336,39.7,247.0,19.52,18.97,2.15,8.4,True,False
32090583,4667466476687967360,51.8,131.0,19.11,18.31,0.966,8.4,True,False
32090583,4667466652782350976,77.9,13.0,19.13,18.73,,8.4,False,False
32090583,4667466442328220928,92.5,170.0,18.89,18.04,,8.4,False,False
32090583,4667460845986567424,101.5,250.0,17.84,17.29,,8.4,False,False
32090583,4667466721501827456,56.1,278.0,16.72,15.69,,8.5,False,False
32090583,4667466648486674304,63.1,43.0,19.19,18.72,,8.5,False,False
32090583,4667466648486673280,57.5,41.0,20.42,19.96,,8.5,False,False
149390648,4757656533594500352,14.7,311.0,18.01,17.35,2.76,3.5,True,False
149390648,4757656529296176896,16.4,357.0,20.28,20.06,29.0,4.5,True,False
149390648,4757656533592367872,16.6,57.0,20.72,20.49,29.0,6.0,True,False
149390648,4757656533592369280,19.1,33.0,20.2,19.7,12.8,6.2,True,False
149390648,4757656533592363648,16.7,111.0,20.67,20.49,26.5,6.3,True,False
149390648,4757656563655906944,35.1,271.0,19.39,18.6,3.44,6.6,True,False
149390648,4757656529302964224,22.8,88.0,19.91,19.64,8.41,6.8,True,False
149390648,4757656567953477504,42.2,277.0,20.86,20.56,17.0,6.8,True,False
149390648,4757656598015657728,35.8,308.0,17.81,17.19,0.777,6.8,True,False
149390648,4757656567954240384,41.6,265.0,18.81,18.08,1.44,6.9,True,False
149390648,4757656567953001856,44.4,268.0,20.84,20.8,16.9,7.0,True,False
149390648,4757656602314111232,39.5,319.0,20.32,19.36,4.09,7.1,True,False
149390648,4757656602311851904,40.2,312.0,20.41,19.83,6.21,7.1,True,False
149390648,4757656602312451968,40.1,338.0,20.97,20.65,11.8,7.1,True,False
149390648,4757656563655910656,62.5,280.0,19.99,19.67,3.54,7.2,True,False
149390648,4757656563655906176,62.4,269.0,17.55,16.85,0.276,7.2,True,False
149390648,4757656293074179072,98.0,137.0,18.96,18.43,1.06,7.2,True,False
149390648,4757656602313077504,45.7,311.0,20.85,20.64,7.59,7.2,True,False
149390648,4757656293075027840,98.3,140.0,20.99,20.71,8.37,7.2,True,False
149390648,4757656563655910400,69.6,278.0,20.39,20.3,5.27,7.2,True,False
149390648,4757656563655907584,73.1,274.0,20.24,20.07,4.27,7.2,True,False
149390648,4757656391857174784,98.0,160.0,18.14,17.48,0.398,7.2,True,False
149390648,4757656288777972224,96.3,137.0,20.96,20.53,6.81,7.2,True,False
149390648,4757656567954433664,84.6,295.0,19.27,18.83,1.12,7.2,True,False
149390648,4757656494936417920,29.4,163.0,20.28,20.07,3.57,7.3,True,False
149390648,4757656907253308032,35.2,16.0,18.9,18.36,0.685,7.3,True,False
149390648,4757656533593094016,45.8,118.0,20.92,20.9,6.51,7.3,True,False
149390648,4757656464872892416,63.6,256.0,20.81,20.56,4.79,7.3,True,False
149390648,4757656293076328064,90.8,136.0,16.28,15.73,0.0533,7.3,True,False
149390648,4757656391857177600,89.5,160.0,18.81,18.23,0.472,7.3,True,False
149390648,4757656907253333376,82.1,355.0,20.36,19.98,2.08,7.3,True,False
149390648,4757656185698748032,90.3,155.0,19.73,19.66,1.55,7.3,True,False
149390648,4757656464875025792,69.2,231.0,18.63,18.11,0.323,7.3,True,False
149390648,4757656464875026560,72.8,263.0,18.85,17.77,0.241,7.3,True,False
149390648,4757656464872341888,71.4,261.0,19.93,20.0,1.77,7.3,True,False
149390648,4757656464873622144,73.5,226.0,20.95,20.8,3.42,7.3,True,False
149390648,4757656705391047424,93.8,104.0,20.14,19.26,0.795,7.3,True,False
149390648,4757656598015668096,79.2,309.0,19.37,18.82,0.462,7.3,True,False
149390648,4757656739750799232,74.4,60.0,20.74,19.91,1.25,7.3,True,False
149390648,4757656464872888448,72.0,240.0,20.86,20.47,2.06,7.3,True,False
149390648,4757656494936417152,37.8,143.0,18.96,18.44,0.289,7.3,True,False
149390648,4757656907253325056,66.6,351.0,18.26,17.74,0.132,7.3,True,False
149390648,4757656598015666816,83.8,306.0,20.35,20.21,1.07,7.3,True,False
149390648,4757656911550219136,51.4,354.0,20.98,19.66,0.69,7.3,True,False
149390648,4757656705393189504,59.4,60.0,18.49,17.89,0.109,7.3,True,False
149390648,4757703395985995264,79.9,267.0,20.25,19.99,0.745,7.3,True,False
149390648,4757656701094855296,97.3,98.0,18.04,17.4,0.0614,7.3,True,False
149390648,4757703395979301376,82.9,270.0,18.71,18.15,0.101,7.3,True,False
149390648,4757656598015672576,57.1,339.0,18.44,17.82,0.031,7.3,True,False
149390648,4757656288777974016,77.6,139.0,20.11,19.87,0.145,7.3,True,False
149390648,4757656323137725568,75.5,114.0,18.84,18.29,0.0299,7.3,True,False
149390648,4757656464872895872,78.9,265.0,20.11,19.95,0.122,7.3,True,False
149390648,4757656945911358592,72.5,34.0,17.57,16.9,0.00669,7.3,True,False
149390648,4757656975972805376,76.8,344.0,19.59,19.4,0.0479,7.3,True,False
149390648,4757703400276235392,95.4,257.0,20.86,20.17,,7.1,False,False
149390648,4757656945910129920,97.1,20.0,21.0,21.11,,7.2,False,False
149390648,4757703395979290368,91.1,254.0,20.01,19.84,,7.2,False,False
149390648,4757703400276234880,86.1,257.0,20.82,20.29,,7.2,False,False
149390648,4757656941613074176,87.4,18.0,18.71,18.09,,7.2,False,False
149390648,4757656430513884928,98.3,230.0,20.9,20.63,,7.2,False,False
149390648,4757703400277772032,90.8,269.0,20.35,20.17,,7.2,False,False
149390648,4757656396153400704,65.2,169.0,20.17,19.62,,7.3,False,False
149390648,4757656907253320704,61.9,20.0,19.04,18.53,,7.3,False,False
149390648,4757656460576675968,87.7,245.0,19.12,18.57,,7.3,False,False
149390648,4757656945909239936,86.0,31.0,20.58,20.42,,7.3,False,False
149390648,4757656430513482496,90.5,241.0,20.78,20.11,,7.3,False,False
149390648,4757656705393324416,76.9,82.0,20.97,20.78,,7.3,False,False
149390648,4757656430514046976,95.8,220.0,20.92,20.75,,7.3,False,False
149390648,4757656361793661312,86.0,195.0,20.45,20.26,,7.3,False,False
149390648,4757656430515288320,89.7,238.0,19.32,18.89,,7.3,False,False
149390648,4757656323137718912,67.9,131.0,20.64,20.34,,7.3,False,False
149390648,4757656941613074304,86.0,4.0,19.38,18.15,,7.3,False,False
149390648,4757656430512603648,88.4,238.0,18.75,18.16,,7.3,False,False
149390648,4757656907253312000,47.6,19.0,18.67,18.12,,7.3,False,False
149390648,4757656705391055360,52.6,80.0,20.77,20.09,,7.3,False,False
149390648,4757656464872879616,75.1,202.0,20.67,20.27,,7.3,False,False
149390648,4757656980271100544,95.2,340.0,16.16,15.62,,7.3,False,False
149390648,4757656980271100672,80.0,334.0,18.81,18.29,,7.3,False,False
149390648,4757656911549496576,44.6,17.0,20.3,19.3,,7.3,False,False
149390648,4757656464875026432,81.2,242.0,17.14,16.64,,7.3,False,False
149390648,4757656701094866432,87.9,84.0,18.57,17.55,,7.3,False,False
149390648,4757703400276872960,92.9,278.0,20.88,20.42,,7.3,False,False
149390648,4757656907253313280,48.5,6.0,20.9,20.78,,7.3,False,False
149390648,4757656980268985216,96.8,344.0,20.08,19.37,,7.3,False,False
149390648,4757656598015677568,74.1,329.0,20.26,20.11,,7.3,False,False
149390648,4757656499232615040,68.0,155.0,20.82,20.29,,7.3,False,False
149390648,4757656907253301760,48.4,63.0,21.0,20.91,,7.3,False,False
149390648,4757656911551622144,68.7,360.0,17.38,16.88,,7.3,False,False
149390648,4757656464872887808,79.5,240.0,20.65,20.38,,7.3,False,False
198412174,1437353828295869824,5.3,115.0,18.65,18.15,10.7,1.3,True,True
198412174,1437353858359596928,18.3,12.0,20.34,19.63,17.0,5.4,True,False
198412174,1437353003661625600,72.1,189.0,12.31,11.43,0.00453,6.3,True,False
198412174,1437353789640128000,35.2,146.0,20.46,19.55,3.22,6.3,True,False
198412174,1437353931374561792,77.3,256.0,15.32,14.74,0.0251,6.3,True,False
198412174,1437353789640118912,49.0,108.0,20.32,19.65,1.74,6.3,True,False
198412174,1437353931374562048,94.6,268.0,20.1,19.26,1.11,6.3,True,False
198412174,1437353759575870080,53.1,175.0,15.82,14.71,0.0158,6.3,True,False
198412174,1437353720920622976,65.9,254.0,17.78,16.78,0.0507,6.3,True,False
198412174,1437353720920621952,100.9,239.0,17.96,17.27,,6.3,False,False
198412174,1437353823999866240,58.2,237.0,20.52,19.46,,6.3,False,False
198412174,1437353755280360576,52.1,193.0,18.67,18.08,,6.3,False,False
198412174,1437354515490115328,95.7,108.0,15.57,15.12,,6.3,False,False
198412174,1437354030158288640,44.8,294.0,20.02,18.97,,6.3,False,False
198412174,1437354511194633856,91.6,104.0,19.35,18.47,,6.3,False,False
198412174,1437353927079054208,77.6,280.0,18.58,18.08,,6.3,False,False
229689348,1422141810046979968,9.7,49.0,16.38,15.92,0.734,4.6,True,False
229689348,1422141805751675264,22.2,148.0,20.73,20.24,22.4,6.7,True,False
229689348,1422142462882048000,25.3,267.0,18.72,17.74,1.65,7.2,True,False
229689348,1422141840111550208,39.4,77.0,20.59,19.97,4.22,7.9,True,False
229689348,1422142630385191552,83.5,15.0,10.31,9.66,0.00113,8.0,True,False
229689348,1422142630385408384,76.6,345.0,16.2,15.71,0.0426,8.0,True,False
229689348,1422142630386748416,76.2,16.0,19.05,18.32,2.1,8.0,True,False
229689348,1422142630385409408,85.5,359.0,19.44,18.61,0.893,8.0,True,False
229689348,1422142836543840256,94.3,343.0,20.45,19.92,1.11,8.0,True,False
229689348,1422141633952974336,90.7,207.0,19.04,18.37,0.0552,8.0,True,False
229689348,1422141771392174720,84.0,102.0,20.68,19.93,,7.7,False,False
229689348,1422142596030184704,89.0,44.0,20.43,19.55,,7.8,False,False
229689348,1422142596025672832,80.1,27.0,18.32,17.79,,7.9,False,False
229689348,1422141741327500800,82.0,184.0,14.89,14.49,,8.0,False,False
229689348,1422141771391939968,87.3,82.0,18.27,17.3,,8.0,False,False
229689348,1422142733464619648,92.5,298.0,19.77,18.87,,8.0,False,False
229689348,1422142492946448128,97.6,281.0,19.72,18.71,,8.0,False,False
229689348,1422141569528810880,67.6,136.0,15.99,15.52,,8.0,False,False
229689348,1422141741327502336,48.3,154.0,14.19,13.77,,8.0,False,False
229689348,1422142733464623616,99.8,318.0,20.33,19.43,,8.0,False,False
