candidate,tic,epoch,mid_transit_bjd_tdb,mid_transit_utc,sigma_min,t14_h,depth_ppm,site,window_start_utc,window_end_utc,min_altitude_deg
TIC 149390648,149390648,755,2461322.48365,2026-10-08 23:34,4.6,1.14,798,LCO SAAO Sutherland (South Africa),2026-10-08 22:30,2026-10-09 00:39,38.3
TIC 149390648,149390648,757,2461328.15742,2026-10-14 15:44,4.7,1.14,798,LCO Siding Spring (Australia),2026-10-14 14:40,2026-10-14 16:49,44.9
TIC 149390648,149390648,759,2461333.8312,2026-10-20 07:55,4.7,1.14,798,LCO Cerro Tololo (Chile),2026-10-20 06:50,2026-10-20 08:59,54.5
TIC 149390648,149390648,760,2461336.66808,2026-10-23 04:00,4.7,1.14,798,LCO Cerro Tololo (Chile),2026-10-23 02:55,2026-10-23 05:04,31.2
TIC 149390648,149390648,761,2461339.50497,2026-10-26 00:05,4.7,1.14,798,LCO SAAO Sutherland (South Africa),2026-10-25 23:01,2026-10-26 01:09,49.3
TIC 149390648,149390648,763,2461345.17874,2026-10-31 16:15,4.7,1.14,798,LCO Siding Spring (Australia),2026-10-31 15:11,2026-10-31 17:19,54.4
TIC 149390648,149390648,764,2461348.01563,2026-11-03 12:20,4.7,1.14,798,LCO Siding Spring (Australia),2026-11-03 11:16,2026-11-03 13:24,30.4
TIC 149390648,149390648,766,2461353.6894,2026-11-09 04:30,4.7,1.14,798,LCO Cerro Tololo (Chile),2026-11-09 03:26,2026-11-09 05:35,42.5
TIC 149390648,149390648,767,2461356.52629,2026-11-12 00:35,4.7,1.14,798,LCO SAAO Sutherland (South Africa),2026-11-11 23:31,2026-11-12 01:40,57.7
TIC 149390648,149390648,768,2461359.36318,2026-11-14 20:41,4.7,1.14,798,LCO SAAO Sutherland (South Africa),2026-11-14 19:36,2026-11-14 21:45,35.0
TIC 149390648,149390648,769,2461362.20006,2026-11-17 16:46,4.7,1.14,798,LCO Siding Spring (Australia),2026-11-17 15:41,2026-11-17 17:50,53.8
TIC 149390648,149390648,770,2461365.03695,2026-11-20 12:51,4.7,1.14,798,LCO Siding Spring (Australia),2026-11-20 11:47,2026-11-20 13:55,41.7
TIC 149390648,149390648,772,2461370.71072,2026-11-26 05:01,4.7,1.14,798,LCO Cerro Tololo (Chile),2026-11-26 03:57,2026-11-26 06:05,52.4
TIC 149390648,149390648,773,2461373.54761,2026-11-29 01:06,4.7,1.14,798,LCO SAAO Sutherland (South Africa),2026-11-29 00:02,2026-11-29 02:11,51.9
TIC 149390648,149390648,774,2461376.3845,2026-12-01 21:11,4.7,1.14,798,LCO SAAO Sutherland (South Africa),2026-12-01 20:07,2026-12-01 22:16,46.3
TIC 149390648,149390648,776,2461382.05827,2026-12-07 13:22,4.7,1.14,798,LCO Siding Spring (Australia),2026-12-07 12:17,2026-12-07 14:26,52.0
TIC 149390648,149390648,778,2461387.73204,2026-12-13 05:32,4.8,1.14,798,LCO Cerro Tololo (Chile),2026-12-13 04:28,2026-12-13 06:36,53.8
TIC 149390648,149390648,780,2461393.40582,2026-12-18 21:42,4.8,1.14,798,LCO SAAO Sutherland (South Africa),2026-12-18 20:38,2026-12-18 22:46,55.8
TIC 149390648,149390648,782,2461399.07959,2026-12-24 13:52,4.8,1.14,798,LCO Siding Spring (Australia),2026-12-24 12:48,2026-12-24 14:57,55.9
TIC 149390648,149390648,784,2461404.75336,2026-12-30 06:03,4.8,1.14,798,LCO Cerro Tololo (Chile),2026-12-30 04:58,2026-12-30 07:07,44.4
TIC 149390648,149390648,785,2461407.59025,2027-01-02 02:08,4.8,1.14,798,LCO Cerro Tololo (Chile),2027-01-02 01:03,2027-01-02 03:12,49.9
TIC 149390648,149390648,786,2461410.42714,2027-01-04 22:13,4.8,1.14,798,LCO SAAO Sutherland (South Africa),2027-01-04 21:09,2027-01-04 23:17,54.4
TIC 149390648,149390648,788,2461416.10091,2027-01-10 14:23,4.8,1.14,798,LCO Siding Spring (Australia),2027-01-10 13:19,2027-01-10 15:28,47.0
TIC 149390648,149390648,790,2461421.77468,2027-01-16 06:34,4.8,1.14,798,LCO Cerro Tololo (Chile),2027-01-16 05:29,2027-01-16 07:38,33.2
TIC 149390648,149390648,791,2461424.61157,2027-01-19 02:39,4.8,1.14,798,LCO Cerro Tololo (Chile),2027-01-19 01:34,2027-01-19 03:43,55.6
TIC 149390648,149390648,792,2461427.44846,2027-01-21 22:44,4.8,1.14,798,LCO SAAO Sutherland (South Africa),2027-01-21 21:40,2027-01-21 23:48,44.4
TIC 149390648,149390648,794,2461433.12223,2027-01-27 14:54,4.8,1.14,798,LCO Siding Spring (Australia),2027-01-27 13:50,2027-01-27 15:58,35.9
TIC 149390648,149390648,797,2461441.63289,2027-02-05 03:10,4.8,1.14,798,LCO Cerro Tololo (Chile),2027-02-05 02:05,2027-02-05 04:14,47.4
TIC 149390648,149390648,798,2461444.46978,2027-02-07 23:15,4.9,1.14,798,LCO SAAO Sutherland (South Africa),2027-02-07 22:10,2027-02-08 00:19,33.1
TIC 149390648,149390648,801,2461452.98044,2027-02-16 11:30,4.9,1.14,798,LCO Siding Spring (Australia),2027-02-16 10:26,2027-02-16 12:35,49.9
TIC 149390648,149390648,803,2461458.65421,2027-02-22 03:40,4.9,1.14,798,LCO Cerro Tololo (Chile),2027-02-22 02:36,2027-02-22 04:45,36.4
TIC 149390648,149390648,805,2461464.32799,2027-02-27 19:51,4.9,1.14,798,LCO SAAO Sutherland (South Africa),2027-02-27 18:46,2027-02-27 20:55,47.5
TIC 149390648,149390648,807,2461470.00176,2027-03-05 12:01,4.9,1.14,798,LCO Siding Spring (Australia),2027-03-05 10:57,2027-03-05 13:05,39.1
TIC 149390648,149390648,811,2461481.34931,2027-03-16 20:22,4.9,1.14,798,LCO SAAO Sutherland (South Africa),2027-03-16 19:17,2027-03-16 21:26,36.3
TIC 198412174,198412174,1208,2461323.63335,2026-10-10 03:11,2.7,0.61,382,LCO McDonald (Texas),2026-10-10 02:23,2026-10-10 04:00,33.3
TIC 198412174,198412174,1215,2461333.36447,2026-10-19 20:44,2.7,0.61,382,LCO Teide (Tenerife),2026-10-19 19:56,2026-10-19 21:33,31.2
TIC 198412174,198412174,1296,2461445.96745,2027-02-09 11:11,2.8,0.61,382,LCO McDonald (Texas),2027-02-09 10:23,2027-02-09 12:00,37.0
TIC 198412174,198412174,1298,2461448.74777,2027-02-12 05:55,2.8,0.61,382,LCO Teide (Tenerife),2027-02-12 05:07,2027-02-12 06:43,40.6
TIC 198412174,198412174,1299,2461450.13793,2027-02-13 15:17,2.8,0.61,382,LCO Haleakala (Hawaii),2027-02-13 14:29,2027-02-13 16:05,35.2
TIC 198412174,198412174,1301,2461452.91825,2027-02-16 10:00,2.8,0.61,382,LCO McDonald (Texas),2027-02-16 09:12,2027-02-16 10:49,31.6
TIC 198412174,198412174,1303,2461455.69857,2027-02-19 04:44,2.8,0.61,382,LCO Teide (Tenerife),2027-02-19 03:56,2027-02-19 05:32,35.2
TIC 198412174,198412174,1319,2461477.94113,2027-03-13 10:33,2.9,0.61,382,LCO McDonald (Texas),2027-03-13 09:45,2027-03-13 11:21,47.8
TIC 198412174,198412174,1321,2461480.72145,2027-03-16 05:17,2.9,0.61,382,LCO Teide (Tenerife),2027-03-16 04:28,2027-03-16 06:05,50.6
TIC 198412174,198412174,1322,2461482.11161,2027-03-17 14:38,2.9,0.61,382,LCO Haleakala (Hawaii),2027-03-17 13:50,2027-03-17 15:27,44.5
TIC 198412174,198412174,1324,2461484.89193,2027-03-20 09:22,2.9,0.61,382,LCO McDonald (Texas),2027-03-20 08:34,2027-03-20 10:10,42.5
TIC 198412174,198412174,1326,2461487.67225,2027-03-23 04:06,2.9,0.61,382,LCO Teide (Tenerife),2027-03-23 03:17,2027-03-23 04:54,45.9
TIC 198412174,198412174,1327,2461489.06241,2027-03-24 13:27,2.9,0.61,382,LCO Haleakala (Hawaii),2027-03-24 12:39,2027-03-24 14:16,40.2
TIC 198412174,198412174,1329,2461491.84273,2027-03-27 08:11,2.9,0.61,382,LCO McDonald (Texas),2027-03-27 07:23,2027-03-27 08:59,37.1
TIC 198412174,198412174,1331,2461494.62305,2027-03-30 02:55,2.9,0.61,382,LCO Teide (Tenerife),2027-03-30 02:06,2027-03-30 03:43,40.7
TIC 229689348,229689348,4925,2461319.6101,2026-10-06 02:38,3.4,0.53,693,LCO McDonald (Texas),2026-10-06 01:52,2026-10-06 03:23,42.3
TIC 229689348,229689348,4931,2461322.40237,2026-10-08 21:39,3.4,0.53,693,LCO Teide (Tenerife),2026-10-08 20:53,2026-10-08 22:24,32.0
TIC 229689348,229689348,4940,2461326.59076,2026-10-13 02:10,3.4,0.53,693,LCO McDonald (Texas),2026-10-13 01:24,2026-10-13 02:56,42.3
TIC 229689348,229689348,4946,2461329.38302,2026-10-15 21:11,3.4,0.53,693,LCO Teide (Tenerife),2026-10-15 20:25,2026-10-15 21:57,32.1
TIC 229689348,229689348,4961,2461336.36367,2026-10-22 20:43,3.4,0.53,693,LCO Teide (Tenerife),2026-10-22 19:57,2026-10-22 21:29,32.1
TIC 229689348,229689348,4976,2461343.34433,2026-10-29 20:15,3.4,0.53,693,LCO Teide (Tenerife),2026-10-29 19:30,2026-10-29 21:01,32.1
TIC 229689348,229689348,5181,2461438.74659,2027-02-02 05:54,3.6,0.53,693,LCO Teide (Tenerife),2027-02-02 05:08,2027-02-02 06:40,33.9
TIC 229689348,229689348,5184,2461440.14272,2027-02-03 15:24,3.6,0.53,693,LCO Haleakala (Hawaii),2027-02-03 14:39,2027-02-03 16:10,30.1
TIC 229689348,229689348,5196,2461445.72724,2027-02-09 05:26,3.6,0.53,693,LCO Teide (Tenerife),2027-02-09 04:40,2027-02-09 06:12,33.8
TIC 229689348,229689348,5199,2461447.12337,2027-02-10 14:56,3.6,0.53,693,LCO Haleakala (Hawaii),2027-02-10 14:11,2027-02-10 15:42,30.0
TIC 229689348,229689348,5203,2461448.98488,2027-02-12 11:37,3.6,0.53,693,LCO McDonald (Texas),2027-02-12 10:51,2027-02-12 12:23,40.3
TIC 229689348,229689348,5211,2461452.70789,2027-02-16 04:58,3.6,0.53,693,LCO Teide (Tenerife),2027-02-16 04:12,2027-02-16 05:44,33.8
TIC 229689348,229689348,5218,2461455.96553,2027-02-19 11:09,3.6,0.53,693,LCO McDonald (Texas),2027-02-19 10:23,2027-02-19 11:55,40.2
TIC 229689348,229689348,5226,2461459.68855,2027-02-23 04:30,3.6,0.53,693,LCO Teide (Tenerife),2027-02-23 03:44,2027-02-23 05:16,33.7
TIC 229689348,229689348,5233,2461462.94619,2027-02-26 10:41,3.6,0.53,693,LCO McDonald (Texas),2027-02-26 09:55,2027-02-26 11:27,40.1
TIC 229689348,229689348,5239,2461465.73845,2027-03-01 05:42,3.6,0.53,693,LCO Teide (Tenerife),2027-03-01 04:56,2027-03-01 06:27,46.4
TIC 229689348,229689348,5241,2461466.6692,2027-03-02 04:02,3.6,0.53,693,LCO Teide (Tenerife),2027-03-02 03:16,2027-03-02 04:48,33.6
TIC 229689348,229689348,5248,2461469.92684,2027-03-05 10:13,3.6,0.53,693,LCO McDonald (Texas),2027-03-05 09:27,2027-03-05 10:59,40.1
TIC 229689348,229689348,5254,2461472.7191,2027-03-08 05:14,3.6,0.53,693,LCO Teide (Tenerife),2027-03-08 04:28,2027-03-08 05:59,46.4
TIC 229689348,229689348,5256,2461473.64985,2027-03-09 03:34,3.6,0.53,693,LCO Teide (Tenerife),2027-03-09 02:48,2027-03-09 04:20,33.6
TIC 229689348,229689348,5257,2461474.11523,2027-03-09 14:44,3.6,0.53,693,LCO Haleakala (Hawaii),2027-03-09 13:58,2027-03-09 15:30,42.0
TIC 229689348,229689348,5261,2461475.97674,2027-03-11 11:25,3.6,0.53,693,LCO McDonald (Texas),2027-03-11 10:39,2027-03-11 12:10,52.5
TIC 229689348,229689348,5263,2461476.90749,2027-03-12 09:45,3.6,0.53,693,LCO McDonald (Texas),2027-03-12 08:59,2027-03-12 10:31,40.0
TIC 229689348,229689348,5269,2461479.69975,2027-03-15 04:46,3.6,0.53,693,LCO Teide (Tenerife),2027-03-15 04:00,2027-03-15 05:31,46.3
TIC 229689348,229689348,5271,2461480.63051,2027-03-16 03:06,3.6,0.53,693,LCO Teide (Tenerife),2027-03-16 02:20,2027-03-16 03:52,33.5
TIC 229689348,229689348,5272,2461481.09588,2027-03-16 14:16,3.6,0.53,693,LCO Haleakala (Hawaii),2027-03-16 13:30,2027-03-16 15:02,42.0
TIC 229689348,229689348,5276,2461482.95739,2027-03-18 10:57,3.6,0.53,693,LCO McDonald (Texas),2027-03-18 10:11,2027-03-18 11:42,52.4
TIC 229689348,229689348,5278,2461483.88815,2027-03-19 09:17,3.6,0.53,693,LCO McDonald (Texas),2027-03-19 08:31,2027-03-19 10:03,39.9
TIC 229689348,229689348,5284,2461486.68041,2027-03-22 04:18,3.6,0.53,693,LCO Teide (Tenerife),2027-03-22 03:32,2027-03-22 05:03,46.2
TIC 229689348,229689348,5286,2461487.61116,2027-03-23 02:38,3.6,0.53,693,LCO Teide (Tenerife),2027-03-23 01:52,2027-03-23 03:24,33.4
TIC 229689348,229689348,5287,2461488.07654,2027-03-23 13:48,3.6,0.53,693,LCO Haleakala (Hawaii),2027-03-23 13:02,2027-03-23 14:34,41.9
TIC 229689348,229689348,5291,2461489.93804,2027-03-25 10:28,3.6,0.53,693,LCO McDonald (Texas),2027-03-25 09:43,2027-03-25 11:14,52.4
TIC 229689348,229689348,5293,2461490.8688,2027-03-26 08:49,3.6,0.53,693,LCO McDonald (Texas),2027-03-26 08:03,2027-03-26 09:35,39.9
TIC 229689348,229689348,5299,2461493.66106,2027-03-29 03:50,3.6,0.53,693,LCO Teide (Tenerife),2027-03-29 03:04,2027-03-29 04:35,46.2
TIC 229689348,229689348,5301,2461494.59181,2027-03-30 02:10,3.6,0.53,693,LCO Teide (Tenerife),2027-03-30 01:24,2027-03-30 02:56,33.3
TIC 229689348,229689348,5302,2461495.05719,2027-03-30 13:20,3.6,0.53,693,LCO Haleakala (Hawaii),2027-03-30 12:34,2027-03-30 14:06,41.8
TIC 32090583 (TOI-218),32090583,932,2461319.51301,2026-10-06 00:16,2.9,0.93,1273,LCO SAAO Sutherland (South Africa),2026-10-05 23:18,2026-10-06 01:14,49.0
TIC 32090583 (TOI-218),32090583,933,2461321.6598,2026-10-08 03:47,2.9,0.93,1273,LCO Cerro Tololo (Chile),2026-10-08 02:49,2026-10-08 04:45,35.1
TIC 32090583 (TOI-218),32090583,934,2461323.8066,2026-10-10 07:19,2.9,0.93,1273,LCO Cerro Tololo (Chile),2026-10-10 06:20,2026-10-10 08:17,50.5
TIC 32090583 (TOI-218),32090583,936,2461328.1002,2026-10-14 14:21,2.9,0.93,1273,LCO Siding Spring (Australia),2026-10-14 13:23,2026-10-14 15:19,44.6
TIC 32090583 (TOI-218),32090583,938,2461332.39379,2026-10-18 21:24,3.0,0.93,1273,LCO SAAO Sutherland (South Africa),2026-10-18 20:26,2026-10-18 22:22,39.4
TIC 32090583 (TOI-218),32090583,939,2461334.54059,2026-10-21 00:56,3.0,0.93,1273,LCO SAAO Sutherland (South Africa),2026-10-20 23:58,2026-10-21 01:54,51.9
TIC 32090583 (TOI-218),32090583,940,2461336.68739,2026-10-23 04:27,3.0,0.93,1273,LCO Cerro Tololo (Chile),2026-10-23 03:29,2026-10-23 05:25,43.6
TIC 32090583 (TOI-218),32090583,941,2461338.83419,2026-10-25 07:59,3.0,0.93,1273,LCO Cerro Tololo (Chile),2026-10-25 07:01,2026-10-25 08:57,45.5
TIC 32090583 (TOI-218),32090583,942,2461340.98099,2026-10-27 11:30,3.0,0.93,1273,LCO Siding Spring (Australia),2026-10-27 10:32,2026-10-27 12:28,34.2
TIC 32090583 (TOI-218),32090583,943,2461343.12779,2026-10-29 15:02,3.0,0.93,1273,LCO Siding Spring (Australia),2026-10-29 14:03,2026-10-29 16:00,50.8
TIC 32090583 (TOI-218),32090583,945,2461347.42138,2026-11-02 22:04,3.0,0.93,1273,LCO SAAO Sutherland (South Africa),2026-11-02 21:06,2026-11-02 23:02,47.6
TIC 32090583 (TOI-218),32090583,946,2461349.56818,2026-11-05 01:36,3.0,0.93,1273,LCO Cerro Tololo (Chile),2026-11-05 00:38,2026-11-05 02:34,33.2
TIC 32090583 (TOI-218),32090583,946,2461349.56818,2026-11-05 01:36,3.0,0.93,1273,LCO SAAO Sutherland (South Africa),2026-11-05 00:38,2026-11-05 02:34,45.6
TIC 32090583 (TOI-218),32090583,947,2461351.71498,2026-11-07 05:07,3.0,0.93,1273,LCO Cerro Tololo (Chile),2026-11-07 04:09,2026-11-07 06:05,49.7
TIC 32090583 (TOI-218),32090583,949,2461356.00857,2026-11-11 12:10,3.0,0.93,1273,LCO Siding Spring (Australia),2026-11-11 11:12,2026-11-11 13:08,42.9
TIC 32090583 (TOI-218),32090583,950,2461358.15537,2026-11-13 15:42,3.0,0.93,1273,LCO Siding Spring (Australia),2026-11-13 14:44,2026-11-13 16:40,48.0
TIC 32090583 (TOI-218),32090583,951,2461360.30217,2026-11-15 19:13,3.0,0.93,1273,LCO SAAO Sutherland (South Africa),2026-11-15 18:15,2026-11-15 20:11,37.5
TIC 32090583 (TOI-218),32090583,952,2461362.44897,2026-11-17 22:45,3.0,0.93,1273,LCO SAAO Sutherland (South Africa),2026-11-17 21:47,2026-11-17 23:43,52.7
TIC 32090583 (TOI-218),32090583,953,2461364.59577,2026-11-20 02:16,3.0,0.93,1273,LCO Cerro Tololo (Chile),2026-11-20 01:18,2026-11-20 03:14,41.9
TIC 32090583 (TOI-218),32090583,954,2461366.74257,2026-11-22 05:47,3.0,0.93,1273,LCO Cerro Tololo (Chile),2026-11-22 04:49,2026-11-22 06:46,46.9
TIC 32090583 (TOI-218),32090583,956,2461371.03616,2026-11-26 12:50,3.0,0.93,1273,LCO Siding Spring (Australia),2026-11-26 11:52,2026-11-26 13:48,49.8
TIC 32090583 (TOI-218),32090583,957,2461373.18296,2026-11-28 16:22,3.0,0.93,1273,LCO Siding Spring (Australia),2026-11-28 15:24,2026-11-28 17:20,40.3
TIC 32090583 (TOI-218),32090583,958,2461375.32976,2026-11-30 19:53,3.0,0.93,1273,LCO SAAO Sutherland (South Africa),2026-11-30 18:55,2026-11-30 20:51,46.0
TIC 32090583 (TOI-218),32090583,959,2461377.47656,2026-12-02 23:25,3.0,0.93,1273,LCO SAAO Sutherland (South Africa),2026-12-02 22:27,2026-12-03 00:23,47.2
TIC 32090583 (TOI-218),32090583,960,2461379.62336,2026-12-05 02:56,3.0,0.93,1273,LCO Cerro Tololo (Chile),2026-12-05 01:58,2026-12-05 03:54,48.7
TIC 32090583 (TOI-218),32090583,961,2461381.77015,2026-12-07 06:28,3.0,0.93,1273,LCO Cerro Tololo (Chile),2026-12-07 05:30,2026-12-07 07:26,39.3
TIC 32090583 (TOI-218),32090583,963,2461386.06375,2026-12-11 13:31,3.0,0.93,1273,LCO Siding Spring (Australia),2026-12-11 12:33,2026-12-11 14:29,49.3
TIC 32090583 (TOI-218),32090583,965,2461390.35735,2026-12-15 20:33,3.0,0.93,1273,LCO SAAO Sutherland (South Africa),2026-12-15 19:35,2026-12-15 21:32,52.1
TIC 32090583 (TOI-218),32090583,966,2461392.50414,2026-12-18 00:05,3.0,0.93,1273,LCO SAAO Sutherland (South Africa),2026-12-17 23:07,2026-12-18 01:03,39.0
TIC 32090583 (TOI-218),32090583,967,2461394.65094,2026-12-20 03:36,3.0,0.93,1273,LCO Cerro Tololo (Chile),2026-12-20 02:38,2026-12-20 04:34,48.2
TIC 32090583 (TOI-218),32090583,968,2461396.79774,2026-12-22 07:08,3.0,0.93,1273,LCO Cerro Tololo (Chile),2026-12-22 06:10,2026-12-22 08:06,30.3
TIC 32090583 (TOI-218),32090583,970,2461401.09134,2026-12-26 14:11,3.0,0.93,1273,LCO Siding Spring (Australia),2026-12-26 13:13,2026-12-26 15:09,42.1
TIC 32090583 (TOI-218),32090583,972,2461405.38493,2026-12-30 21:14,3.0,0.93,1273,LCO SAAO Sutherland (South Africa),2026-12-30 20:16,2026-12-30 22:12,48.7
TIC 32090583 (TOI-218),32090583,973,2461407.53173,2027-01-02 00:45,3.0,0.93,1273,LCO SAAO Sutherland (South Africa),2027-01-01 23:47,2027-01-02 01:43,30.0
TIC 32090583 (TOI-218),32090583,974,2461409.67853,2027-01-04 04:16,3.0,0.93,1273,LCO Cerro Tololo (Chile),2027-01-04 03:18,2027-01-04 05:15,41.1
TIC 32090583 (TOI-218),32090583,976,2461413.97213,2027-01-08 11:19,3.0,0.93,1273,LCO Siding Spring (Australia),2027-01-08 10:21,2027-01-08 12:17,50.4
TIC 32090583 (TOI-218),32090583,977,2461416.11892,2027-01-10 14:51,3.0,0.93,1273,LCO Siding Spring (Australia),2027-01-10 13:53,2027-01-10 15:49,33.3
TIC 32090583 (TOI-218),32090583,979,2461420.41252,2027-01-14 21:54,3.0,0.93,1273,LCO SAAO Sutherland (South Africa),2027-01-14 20:56,2027-01-14 22:52,40.9
TIC 32090583 (TOI-218),32090583,981,2461424.70612,2027-01-19 04:57,3.1,0.93,1273,LCO Cerro Tololo (Chile),2027-01-19 03:58,2027-01-19 05:55,32.3
TIC 32090583 (TOI-218),32090583,983,2461428.99971,2027-01-23 11:59,3.1,0.93,1273,LCO Siding Spring (Australia),2027-01-23 11:01,2027-01-23 12:57,43.8
TIC 32090583 (TOI-218),32090583,986,2461435.44011,2027-01-29 22:34,3.1,0.93,1273,LCO SAAO Sutherland (South Africa),2027-01-29 21:36,2027-01-29 23:32,31.9
TIC 32090583 (TOI-218),32090583,987,2461437.58691,2027-02-01 02:05,3.1,0.93,1273,LCO Cerro Tololo (Chile),2027-02-01 01:07,2027-02-01 03:03,42.8
TIC 32090583 (TOI-218),32090583,990,2461444.0273,2027-02-07 12:39,3.1,0.93,1273,LCO Siding Spring (Australia),2027-02-07 11:41,2027-02-07 13:37,35.2
TIC 32090583 (TOI-218),32090583,992,2461448.3209,2027-02-11 19:42,3.1,0.93,1273,LCO SAAO Sutherland (South Africa),2027-02-11 18:44,2027-02-11 20:40,42.7
TIC 32090583 (TOI-218),32090583,994,2461452.61449,2027-02-16 02:45,3.1,0.93,1273,LCO Cerro Tololo (Chile),2027-02-16 01:47,2027-02-16 03:43,34.2
TIC 32090583 (TOI-218),32090583,999,2461463.34849,2027-02-26 20:22,3.1,0.93,1273,LCO SAAO Sutherland (South Africa),2027-02-26 19:24,2027-02-26 21:20,33.9
TIC 32090583 (TOI-218),32090583,1003,2461471.93568,2027-03-07 10:27,3.1,0.93,1273,LCO Siding Spring (Australia),2027-03-07 09:29,2027-03-07 11:25,37.2
