tic,signal,tmag,teff,r_star,n_sectors,noise_ppm,period,t0_btjd,depth_ppm,duration_h,rp_rearth,snr_bls,snr_red,red_snr_fold,sde,n_transits,oddeven_sigma,phase05_sigma,centroid_shift_z,centroid_offset_arcsec,duration_ratio,max_single_frac,verdict,reasons,novelty,matches,plot
140635646,1,10.7359,3659.0,0.438936,33,1480.4768646297978,1.6808019681004744,1325.530241685971,88.80930060391294,0.5,,4.816961832947743,,,7.297306440454851,439,,,,,,,not vetted,,,,
141025090,1,9.617,3512.0,0.503233,39,877.5825468605246,35.34028248427549,1328.9422535582728,232.73625975165683,0.5,,5.228959697532532,,,18.592746611785675,26,,,,,,,not vetted,,,,
150139182,1,9.51253,3764.0,0.573582,26,820.9289469247922,0.4323733740580899,1354.4851300815574,42.038683265878,2.2542561727184443,0.4057371897697938,19.89652251179793,17.042780341943878,,44.06145715538285,1375,0.628161683685583,,0.0,0.0,2.3348895711801996,0.023309422049104384,false positive,dip fills 22% of the orbit (not a transit); transit 2.3x longer than expected for this star; red-noise test could not be run,SPOC TCE only (never promoted),TCE s0001-s0065-2 (same); TCE s0001-s0065-1 (same); TCE s0001-s0096-2 (same); TCE s0001-s0096-1 (same),plots/TIC150139182_1.png
150139182,2,9.51253,3764.0,0.573582,26,820.9289469247922,0.43237509762183524,1354.255963440587,35.82277084358571,2.1855981420641077,0.3745414194007305,18.791046545133096,15.612406868871984,,56.296898422658046,1376,0.40531657515287745,,0.0,0.0,2.2637728531075223,0.028628109401556828,false positive,dip fills 21% of the orbit (not a transit); transit 2.3x longer than expected for this star; red-noise test could not be run,SPOC TCE only (never promoted),TCE s0001-s0065-2 (same); TCE s0001-s0065-1 (same); TCE s0001-s0096-2 (same); TCE s0001-s0096-1 (same),plots/TIC150139182_2.png
150188736,1,10.4883,3720.0,0.536042,38,1491.098332036142,32.343549841137296,1339.6034591208634,479.13051017460623,3.3597245215890705,1.2801194106484106,14.446508548726507,7.948708873085188,4.298277276959692,65.06434522630069,23,4.230771640178777,0.3063969991269489,,,0.8783857844935694,0.939227273111396,false positive,odd/even depths differ (4.2 sigma): likely eclipsing binary at 2x period; one transit carries 94% of the signal; not distinct from other dips in folded light curve (red-noise SNR 4.3); another dip in the folded light curve is nearly as strong (uniqueness 1.6); transit depths vary by ~449% (chi2/dof 40.6),new,,plots/TIC150188736_1.png
150188736,2,10.4883,3720.0,0.536042,38,1491.098332036142,25.273387659025985,1339.3409591208633,562.8883169414407,5.176604426196047,1.3875054154399464,21.937246455745544,14.075236764219063,8.460662050662005,14.319255837693474,28,4.315194975908656,-0.8448582143150586,,,1.469359037780347,0.6348562210989129,false positive,odd/even depths differ (4.3 sigma): likely eclipsing binary at 2x period; one transit carries 63% of the signal; transit depths vary by ~240% (chi2/dof 35.6),new,,plots/TIC150188736_2.png
150188736,3,10.4883,3720.0,0.536042,38,1491.098332036142,22.483417791700973,1335.57637578753,488.1427828130111,1.813480663446086,1.2921026161605051,14.365917360462603,7.74894347818091,4.76646077156864,15.327416415713918,41,5.688563568182728,-4.172512130806283,0.0,0.0,0.5352116022987863,0.6419130969816091,false positive,odd/even depths differ (5.7 sigma): likely eclipsing binary at 2x period; one transit carries 64% of the signal; not distinct from other dips in folded light curve (red-noise SNR 4.8); another dip in the folded light curve is nearly as strong (uniqueness 1.9); transit depths vary by ~365% (chi2/dof 17.6),new,,plots/TIC150188736_3.png
150188736,4,10.4883,3720.0,0.536042,38,1491.098332036142,26.555258778624005,1351.5847091208634,585.711060856543,3.823072552624459,1.415354670147077,13.949860407946794,6.499088435384898,3.937799533652151,14.029082182999733,31,3.5144514200813592,-2.299940314395304,0.0,0.0,1.067418359191098,0.5015784564039939,false positive,odd/even depths differ (3.5 sigma): likely eclipsing binary at 2x period; one transit carries 50% of the signal; not distinct from other dips in folded light curve (red-noise SNR 3.9); another dip in the folded light curve is nearly as strong (uniqueness 0.9); transit depths vary by ~249% (chi2/dof 9.8),new,,plots/TIC150188736_4.png
150188736,5,10.4883,3720.0,0.536042,38,1491.098332036142,33.341518828870775,1341.1992924541967,548.8208156385818,2.4806637216169465,1.3700576970881901,12.911463978478169,6.792112604498941,3.843286667502287,18.111220760137368,22,6.731433899821405,-0.8770256599759577,0.0,0.0,0.642023584133718,0.49328294128071815,false positive,odd/even depths differ (6.7 sigma): likely eclipsing binary at 2x period; not distinct from other dips in folded light curve (red-noise SNR 3.8); another dip in the folded light curve is nearly as strong (uniqueness 0.1); transit depths vary by ~250% (chi2/dof 13.8),new,,plots/TIC150188736_5.png
150359500,1,9.74783,3286.0,0.364844,42,1799.9850988284693,1.0334115013929166,1325.8040349301064,2120.801943578339,9.99999959637356,1.8330825174401197,336.49071586360463,156.9514816015676,,668.5908693133858,949,0.8399073320659872,,4.450636334672776,18.687114906251196,10.513273144420074,0.0074677476460698,false positive,"V-shaped dip (grazing eclipse); dip lasts 10.5x longer than a planet could take to cross this star (blend or variability); dip fills 40% of the orbit (not a transit); possible off-target source ~19"" away (shift z=4.5); red-noise test could not be run; transit depths vary by ~43% (chi2/dof 3.5); period near rotation x 1 (Prot=1.04 d)",new,,plots/TIC150359500_1.png
150359500,2,9.74783,3286.0,0.364844,42,1799.9850988284693,1.0334069138893915,1325.6123682634395,877.8941479128252,6.9770808848540735,1.1793780376584573,174.62090383260914,20.049113035756836,,187.4907167510994,932,0.8261081007357067,,-8.056230817437347,0.0,7.33520675385778,0.023920849316330227,false positive,dip lasts 7.3x longer than a planet could take to cross this star (blend or variability); dip fills 28% of the orbit (not a transit); red-noise test could not be run; period near rotation x 1 (Prot=1.04 d),new,,plots/TIC150359500_2.png
150359500,3,9.74783,3286.0,0.364844,42,1799.9850988284693,1.033419422687126,1326.0352849301062,616.7222384967215,9.995239994912268,0.9885002047389171,174.23957232796218,11.389799475104041,,185.36333890580025,943,1.407944450579032,,-7.2640196945978985,0.0,10.508242657392952,0.05031370157476218,false positive,dip lasts 10.5x longer than a planet could take to cross this star (blend or variability); dip fills 40% of the orbit (not a transit); period near rotation x 1 (Prot=1.04 d); red-noise test could not be run,new,,plots/TIC150359500_3.png
150359500,4,9.74783,3286.0,0.364844,42,1799.9850988284693,0.5166015828171024,1325.5623682634396,182.6492933441457,5.508399463731603,0.5379488175562002,77.22517810612959,61.0579215057779,,53.42001730316168,1859,62.37740540458031,,-1.9821190154314794,0.0,7.269686065941894,0.036836949239134824,false positive,odd/even depths differ (62.4 sigma): likely eclipsing binary at 2x period; dip lasts 7.3x longer than a planet could take to cross this star (blend or variability); dip fills 44% of the orbit (not a transit); red-noise test could not be run; transit depths vary by ~497% (chi2/dof 37.7); period near rotation x 0.5 (Prot=1.04 d),new,,plots/TIC150359500_4.png
150359500,5,9.74783,3286.0,0.364844,42,1799.9850988284693,0.5167693759033278,1325.664451596773,94.15714637250318,5.117631315439943,0.3862412047149114,57.38136515677312,47.33700918941766,,70.77011210789894,1851,186.16939136067094,,-1.2158843502861996,0.0,6.753258668303154,0.01920156098451704,false positive,"odd/even depths differ (186.2 sigma): likely eclipsing binary at 2x period; dip lasts 6.8x longer than a planet could take to cross this star (blend or variability); dip fills 41% of the orbit (not a transit); red-noise test could not be run; signal weak in one half of the data (half SNRs 78.9, -12.4); transit depths vary by ~782% (chi2/dof 59.7); period near rotation x 0.5 (Prot=1.04 d)",new,,plots/TIC150359500_5.png
167308252,1,10.6828,3423.0,0.371077,39,1490.9347196276738,0.5750559273209301,1325.83337964252,174.9784152651191,3.5134023885770578,0.5355265746854115,42.750657777341694,34.737181613482505,,159.87979902933063,1505,2.5005017513148635,,9.413858882832544,36.750567250156294,4.431797847536552,0.00868450014176288,false positive,"centroid moves during transit: source ~37"" from the target (shift z=9.4 vs fake epochs); dip lasts 4.4x longer than a planet could take to cross this star (blend or variability); dip fills 25% of the orbit (not a transit); red-noise test could not be run",SPOC TCE only (never promoted),TCE s0001-s0003-1 (same); TCE s0001-s0006-1 (same); TCE s0001-s0009-1 (same); TCE s0001-s0013-1 (same); TCE s0001-s0013-2 (same); TCE s0001-s0036-1 (same); TCE s0001-s0036-2 (same); TCE s0001-s0039-2 (same); TCE s0001-s0039-1 (same); TCE s0001-s0065-1 (same); TCE s0001-s0065-2 (same); TCE s0001-s0069-1 (same); TCE s0001-s0069-2 (same); TCE s0001-s0096-2 (same); TCE s0001-s0096-1 (same),plots/TIC167308252_1.png
167308252,2,10.6828,3423.0,0.371077,39,1490.9347196276738,0.575050353491343,1325.566712284387,149.4707745647233,3.110855860111288,0.49495638373944056,51.49924333142059,28.97713456977713,,192.45197149099087,1497,0.8032856164310836,,3.7831181150580604,24.764666373571792,3.9240389638857955,0.007975282920119932,false positive,dip lasts 3.9x longer than a planet could take to cross this star (blend or variability); dip fills 23% of the orbit (not a transit); red-noise test could not be run,SPOC TCE only (never promoted),TCE s0001-s0003-1 (same); TCE s0001-s0006-1 (same); TCE s0001-s0009-1 (same); TCE s0001-s0013-1 (same); TCE s0001-s0013-2 (same); TCE s0001-s0036-1 (same); TCE s0001-s0036-2 (same); TCE s0001-s0039-2 (same); TCE s0001-s0039-1 (same); TCE s0001-s0065-1 (same); TCE s0001-s0065-2 (same); TCE s0001-s0069-1 (same); TCE s0001-s0069-2 (same); TCE s0001-s0096-2 (same); TCE s0001-s0096-1 (same),plots/TIC167308252_2.png
167308252,3,10.6828,3423.0,0.371077,39,1490.9347196276738,0.5748610202437392,1325.4646289510538,85.26613491351634,4.0,,3.6085971777855113,,,48.29774027299828,0,,,,,,,not vetted,,,,
167365279,1,9.80315,3773.0,0.607235,37,935.8722710240612,32.21403077664878,1351.0310450953527,268.45013844829333,0.5,,5.749237199846052,,,13.324033909856974,27,,,,,,,not vetted,,,,
176954932,1,10.4291,3349.0,0.37165,40,1289.3299363341655,13.095313461113737,1365.9768291720702,126.36727376797067,2.263287045705966,0.4558019678203465,6.457363172438056,5.783324455157764,4.742169985079224,13.493881429557227,66,1.9516841566444192,0.5206578521632782,0.0,0.0,1.0116762275653755,0.8956328482765895,false positive,one transit carries 90% of the signal; not distinct from other dips in folded light curve (red-noise SNR 4.7); transit depths vary by ~404% (chi2/dof 7.8),new,,plots/TIC176954932_1.png
179040880,1,10.195,3768.0,0.64478,39,1255.7802846416973,0.7917741349634323,1411.629983104258,143.3019561552415,4.097071277259755,0.8420974803712773,34.438439211652124,31.95201708727727,,92.10503114701025,1182,8.207771568091589,,2.347849258382068,50.754687930967556,3.208131021520452,0.010292727817981155,false positive,odd/even depths differ (8.2 sigma): likely eclipsing binary at 2x period; dip lasts 3.2x longer than a planet could take to cross this star (blend or variability); dip fills 22% of the orbit (not a transit); red-noise test could not be run,SPOC TCE only (never promoted),TCE s0001-s0009-1 (same); TCE s0001-s0036-1 (same); TCE s0001-s0039-1 (same); TCE s0001-s0065-1 (same); TCE s0001-s0069-1 (same); TCE s0001-s0096-1 (same); TCE s0007-s0007-1 (same); TCE s0033-s0033-1 (half); TCE s0090-s0090-1 (half),plots/TIC179040880_1.png
179040880,2,10.195,3768.0,0.64478,39,1255.7802846416973,0.590471222344844,1411.5140101939767,63.489141586971535,4.900017806460955,0.5605134471221225,21.18377797187898,21.267007971128884,,26.313320932426386,1591,0.4892969078825898,,0.0,39.04950797299173,4.215590752662989,0.0203768766346384,false positive,dip lasts 4.2x longer than a planet could take to cross this star (blend or variability); dip fills 35% of the orbit (not a transit); red-noise test could not be run,SPOC TCE only (never promoted),TCE s0001-s0013-1 (same); TCE s0001-s0065-2 (same); TCE s0001-s0069-2 (same); TCE s0001-s0096-2 (same),plots/TIC179040880_2.png
179040880,3,10.195,3768.0,0.64478,39,1255.7802846416973,17.902911471319065,1411.7049818645798,342.4006643565088,1.0,,5.341217738087843,,,9.813646099334548,12,,,,,,,not vetted,,,,
199550243,1,10.8308,3613.0,0.504274,26,1609.6281700037728,21.708054304401013,1700.0303740930383,420.53893019030505,0.5,,5.5820669705566806,,,7.838308663378234,31,,,,,,,not vetted,,,,
199574208,1,10.1645,3214.0,0.317971,25,1604.3685286387242,0.6341972594460866,1739.2897018826382,16954.256026441726,1.4404954696960246,4.5170160308754985,294.2237839249888,19.359777011145333,4.547960736838913,1742.5884842379903,45,4.117448414504929,-17.19492092531207,0.0,0.0,1.9309499537629533,0.11906310539435466,false positive,odd/even depths differ (4.1 sigma): likely eclipsing binary at 2x period; fewer than 3 observed transits; not distinct from other dips in folded light curve (red-noise SNR 4.5),known EB,TCE s0014-s0019-1 (same); TCE s0014-s0019-2 (half); TCE s0014-s0023-1 (same); TCE s0014-s0023-2 (third); TCE s0014-s0026-1 (same); TCE s0014-s0026-2 (half); TCE s0014-s0050-1 (same); TCE s0014-s0050-2 (half); TCE s0014-s0050-3 (half); TCE s0014-s0055-1 (same); TCE s0014-s0060-1 (same); TCE s0014-s0078-1 (same); TCE s0014-s0086-1 (same); TCE s0016-s0016-1 (same); TCE s0016-s0016-2 (half); TCE s0019-s0019-1 (same); TCE s0019-s0019-2 (half); TCE s0022-s0022-1 (same); TCE s0022-s0022-2 (half); TCE s0023-s0023-1 (same); TCE s0023-s0023-2 (half); TCE s0024-s0024-1 (same); TCE s0024-s0024-2 (half); TCE s0024-s0024-3 (half); TCE s0025-s0025-1 (same); TCE s0025-s0025-2 (half); TCE s0025-s0025-3 (half); TCE s0026-s0026-1 (same); TCE s0026-s0026-2 (half); TCE s0049-s0049-1 (same); TCE s0050-s0050-1 (same); TCE s0051-s0051-1 (same); TCE s0051-s0051-2 (same); TCE s0052-s0052-1 (same); TCE s0052-s0052-2 (half); TCE s0052-s0052-3 (half); TCE s0056-s0056-1 (same); TCE s0056-s0056-2 (half); TCE s0056-s0056-3 (half); TCE s0057-s0057-1 (same); TCE s0057-s0057-2 (half); TCE s0058-s0058-1 (same); TCE s0058-s0058-2 (half); TCE s0059-s0059-1 (same); TCE s0059-s0059-2 (half); TCE s0059-s0059-3 (half); TCE s0059-s0059-4 (half); TCE s0076-s0076-1 (same); TCE s0077-s0077-1 (same); TCE s0077-s0077-2 (same); TCE s0078-s0078-1 (same); TCE s0078-s0078-2 (same); TCE s0079-s0079-1 (same); TCE s0079-s0079-2 (half); TCE s0079-s0079-3 (half); TCE s0080-s0080-1 (same); TCE s0080-s0080-2 (half); TCE s0080-s0080-3 (half); TCE s0082-s0082-1 (same); TCE s0083-s0083-1 (same); TCE s0084-s0084-1 (same); TCE s0084-s0084-2 (third); TCE s0084-s0084-3 (same); TCE s0085-s0085-1 (same); TCE s0085-s0085-2 (half); TCE s0086-s0086-1 (same); TCE s0086-s0086-3 (half); EB TIC 199574208 (half),plots/TIC199574208_1.png
199574208,2,10.1645,3214.0,0.317971,25,1604.3685286387242,2.5377157387971523,1739.7431735176442,905.2004660549742,9.908092401422415,1.0437215432295077,93.25353785081235,15.125368764952087,2.3310548310652925,275.1958587480504,214,0.1691751089725782,13.594128694372285,0.051506821658171685,0.4631915004671041,8.393801970529276,0.022714398841307954,false positive,"dip at phase 0.5 (13.6 sigma): secondary eclipse, or true period is P/2; dip lasts 8.4x longer than a planet could take to cross this star (blend or variability); dip fills 16% of the orbit (not a transit); not distinct from other dips in folded light curve (red-noise SNR 2.3)",known EB,TCE s0014-s0019-2 (double); TCE s0014-s0023-5 (2/3); TCE s0014-s0023-6 (2/3); TCE s0014-s0026-2 (double); TCE s0014-s0026-3 (same); TCE s0014-s0050-2 (double); TCE s0014-s0050-3 (double); TCE s0014-s0055-4 (2/3); TCE s0014-s0055-2 (2/3); TCE s0014-s0055-3 (2/3); TCE s0014-s0060-3 (2/3); TCE s0014-s0086-3 (2/3); TCE s0014-s0086-4 (2/3); TCE s0016-s0016-2 (double); TCE s0016-s0016-3 (same); TCE s0016-s0016-4 (same); TCE s0019-s0019-2 (double); TCE s0019-s0019-3 (same); TCE s0019-s0019-5 (half); TCE s0022-s0022-2 (double); TCE s0022-s0022-3 (same); TCE s0022-s0022-4 (third); TCE s0023-s0023-2 (double); TCE s0023-s0023-3 (same); TCE s0023-s0023-4 (same); TCE s0024-s0024-2 (double); TCE s0024-s0024-3 (double); TCE s0025-s0025-2 (double); TCE s0025-s0025-3 (double); TCE s0025-s0025-4 (same); TCE s0025-s0025-5 (third); TCE s0026-s0026-2 (double); TCE s0052-s0052-2 (double); TCE s0052-s0052-3 (double); TCE s0056-s0056-2 (double); TCE s0056-s0056-3 (double); TCE s0057-s0057-2 (double); TCE s0057-s0057-3 (same); TCE s0058-s0058-2 (double); TCE s0058-s0058-3 (same); TCE s0059-s0059-2 (double); TCE s0059-s0059-3 (double); TCE s0059-s0059-4 (double); TCE s0079-s0079-2 (double); TCE s0079-s0079-3 (double); TCE s0080-s0080-2 (double); TCE s0080-s0080-3 (double); TCE s0085-s0085-2 (double); TCE s0085-s0085-4 (2/3); TCE s0086-s0086-3 (double); TCE s0086-s0086-4 (same); EB TIC 199574208 (double),plots/TIC199574208_2.png
199574208,3,10.1645,3214.0,0.317971,25,1604.3685286387242,2.5376717879363135,1741.0390068509776,924.5376342853056,9.545996984669278,1.0548107821038297,101.27882174540804,15.093544003660591,2.2430184637984674,276.7091485980726,208,0.10407618401774,14.684179373120694,-1.268922816284349,0.0,8.087093508081278,0.03943099584009625,false positive,"dip at phase 0.5 (14.7 sigma): secondary eclipse, or true period is P/2; dip lasts 8.1x longer than a planet could take to cross this star (blend or variability); dip fills 16% of the orbit (not a transit); not distinct from other dips in folded light curve (red-noise SNR 2.2)",known EB,TCE s0014-s0019-2 (double); TCE s0014-s0023-5 (2/3); TCE s0014-s0023-6 (2/3); TCE s0014-s0026-2 (double); TCE s0014-s0026-3 (same); TCE s0014-s0050-2 (double); TCE s0014-s0050-3 (double); TCE s0014-s0055-4 (2/3); TCE s0014-s0055-2 (2/3); TCE s0014-s0055-3 (2/3); TCE s0014-s0060-3 (2/3); TCE s0014-s0086-3 (2/3); TCE s0014-s0086-4 (2/3); TCE s0016-s0016-2 (double); TCE s0016-s0016-3 (same); TCE s0016-s0016-4 (same); TCE s0019-s0019-2 (double); TCE s0019-s0019-3 (same); TCE s0019-s0019-5 (half); TCE s0022-s0022-2 (double); TCE s0022-s0022-3 (same); TCE s0022-s0022-4 (third); TCE s0023-s0023-2 (double); TCE s0023-s0023-3 (same); TCE s0023-s0023-4 (same); TCE s0024-s0024-2 (double); TCE s0024-s0024-3 (double); TCE s0025-s0025-2 (double); TCE s0025-s0025-3 (double); TCE s0025-s0025-4 (same); TCE s0025-s0025-5 (third); TCE s0026-s0026-2 (double); TCE s0052-s0052-2 (double); TCE s0052-s0052-3 (double); TCE s0056-s0056-2 (double); TCE s0056-s0056-3 (double); TCE s0057-s0057-2 (double); TCE s0057-s0057-3 (same); TCE s0058-s0058-2 (double); TCE s0058-s0058-3 (same); TCE s0059-s0059-2 (double); TCE s0059-s0059-3 (double); TCE s0059-s0059-4 (double); TCE s0079-s0079-2 (double); TCE s0079-s0079-3 (double); TCE s0080-s0080-2 (double); TCE s0080-s0080-3 (double); TCE s0085-s0085-2 (double); TCE s0085-s0085-4 (2/3); TCE s0086-s0086-3 (double); TCE s0086-s0086-4 (same); EB TIC 199574208 (double),plots/TIC199574208_3.png
199574208,4,10.1645,3214.0,0.317971,25,1604.3685286387242,1.2683763087236561,1739.4327568509775,1206.6033835095643,7.331011643958494,1.2050207703673141,107.10472037963426,13.167410682900288,,173.3249323281427,427,0.6397790691908753,,-1.0517479046109373,0.0,7.818460202454454,0.019545909452795725,false positive,dip lasts 7.8x longer than a planet could take to cross this star (blend or variability); dip fills 24% of the orbit (not a transit); red-noise test could not be run,known EB,TCE s0014-s0019-1 (double); TCE s0014-s0019-2 (same); TCE s0014-s0023-1 (double); TCE s0014-s0023-2 (2/3); TCE s0014-s0023-5 (third); TCE s0014-s0023-6 (third); TCE s0014-s0026-1 (double); TCE s0014-s0026-2 (same); TCE s0014-s0026-3 (half); TCE s0014-s0050-1 (double); TCE s0014-s0050-2 (same); TCE s0014-s0050-3 (same); TCE s0014-s0055-4 (third); TCE s0014-s0055-2 (third); TCE s0014-s0055-1 (double); TCE s0014-s0055-3 (third); TCE s0014-s0060-1 (double); TCE s0014-s0060-3 (third); TCE s0014-s0078-1 (double); TCE s0014-s0086-1 (double); TCE s0014-s0086-3 (third); TCE s0014-s0086-4 (third); TCE s0016-s0016-1 (double); TCE s0016-s0016-2 (same); TCE s0016-s0016-3 (half); TCE s0016-s0016-4 (half); TCE s0019-s0019-1 (double); TCE s0019-s0019-2 (same); TCE s0019-s0019-3 (half); TCE s0022-s0022-1 (double); TCE s0022-s0022-2 (same); TCE s0022-s0022-3 (half); TCE s0023-s0023-1 (double); TCE s0023-s0023-2 (same); TCE s0023-s0023-3 (half); TCE s0023-s0023-4 (half); TCE s0024-s0024-1 (double); TCE s0024-s0024-2 (same); TCE s0024-s0024-3 (same); TCE s0025-s0025-1 (double); TCE s0025-s0025-2 (same); TCE s0025-s0025-3 (same); TCE s0025-s0025-4 (half); TCE s0026-s0026-1 (double); TCE s0026-s0026-2 (same); TCE s0049-s0049-1 (double); TCE s0050-s0050-1 (double); TCE s0051-s0051-1 (double); TCE s0051-s0051-2 (double); TCE s0052-s0052-1 (double); TCE s0052-s0052-2 (same); TCE s0052-s0052-3 (same); TCE s0056-s0056-1 (double); TCE s0056-s0056-2 (same); TCE s0056-s0056-3 (same); TCE s0057-s0057-1 (double); TCE s0057-s0057-2 (same); TCE s0057-s0057-3 (half); TCE s0058-s0058-1 (double); TCE s0058-s0058-2 (same); TCE s0058-s0058-3 (half); TCE s0059-s0059-1 (double); TCE s0059-s0059-2 (same); TCE s0059-s0059-3 (same); TCE s0059-s0059-4 (same); TCE s0076-s0076-1 (double); TCE s0077-s0077-1 (double); TCE s0077-s0077-2 (double); TCE s0078-s0078-1 (double); TCE s0078-s0078-2 (double); TCE s0079-s0079-1 (double); TCE s0079-s0079-2 (same); TCE s0079-s0079-3 (same); TCE s0080-s0080-1 (double); TCE s0080-s0080-2 (same); TCE s0080-s0080-3 (same); TCE s0082-s0082-1 (double); TCE s0083-s0083-1 (double); TCE s0084-s0084-1 (double); TCE s0084-s0084-2 (2/3); TCE s0084-s0084-3 (double); TCE s0085-s0085-1 (double); TCE s0085-s0085-2 (same); TCE s0085-s0085-4 (third); TCE s0086-s0086-1 (double); TCE s0086-s0086-3 (same); TCE s0086-s0086-4 (half); EB TIC 199574208 (same),plots/TIC199574208_4.png
199574208,5,10.1645,3214.0,0.317971,25,1604.3685286387242,1.2679872135763404,1739.1890068509774,993.5048647072377,9.109540570792994,1.0934458038203758,81.49779310241294,12.047389898811481,,104.8634751749816,422,0.4287271452205035,,0.7624596119843672,5.914035998420196,9.716233257279379,0.013651455332013786,false positive,dip lasts 9.7x longer than a planet could take to cross this star (blend or variability); dip fills 30% of the orbit (not a transit); red-noise test could not be run,known EB,TCE s0014-s0019-1 (double); TCE s0014-s0019-2 (same); TCE s0014-s0023-1 (double); TCE s0014-s0023-2 (2/3); TCE s0014-s0023-5 (third); TCE s0014-s0023-6 (third); TCE s0014-s0026-1 (double); TCE s0014-s0026-2 (same); TCE s0014-s0026-3 (half); TCE s0014-s0050-1 (double); TCE s0014-s0050-2 (same); TCE s0014-s0050-3 (same); TCE s0014-s0055-4 (third); TCE s0014-s0055-2 (third); TCE s0014-s0055-1 (double); TCE s0014-s0055-3 (third); TCE s0014-s0060-1 (double); TCE s0014-s0060-3 (third); TCE s0014-s0078-1 (double); TCE s0014-s0086-1 (double); TCE s0014-s0086-3 (third); TCE s0014-s0086-4 (third); TCE s0016-s0016-1 (double); TCE s0016-s0016-2 (same); TCE s0016-s0016-3 (half); TCE s0016-s0016-4 (half); TCE s0019-s0019-1 (double); TCE s0019-s0019-2 (same); TCE s0019-s0019-3 (half); TCE s0022-s0022-1 (double); TCE s0022-s0022-2 (same); TCE s0022-s0022-3 (half); TCE s0023-s0023-1 (double); TCE s0023-s0023-2 (same); TCE s0023-s0023-3 (half); TCE s0023-s0023-4 (half); TCE s0024-s0024-1 (double); TCE s0024-s0024-2 (same); TCE s0024-s0024-3 (same); TCE s0025-s0025-1 (double); TCE s0025-s0025-2 (same); TCE s0025-s0025-3 (same); TCE s0025-s0025-4 (half); TCE s0026-s0026-1 (double); TCE s0026-s0026-2 (same); TCE s0049-s0049-1 (double); TCE s0050-s0050-1 (double); TCE s0051-s0051-1 (double); TCE s0051-s0051-2 (double); TCE s0052-s0052-1 (double); TCE s0052-s0052-2 (same); TCE s0052-s0052-3 (same); TCE s0056-s0056-1 (double); TCE s0056-s0056-2 (same); TCE s0056-s0056-3 (same); TCE s0057-s0057-1 (double); TCE s0057-s0057-2 (same); TCE s0057-s0057-3 (half); TCE s0058-s0058-1 (double); TCE s0058-s0058-2 (same); TCE s0058-s0058-3 (half); TCE s0059-s0059-1 (double); TCE s0059-s0059-2 (same); TCE s0059-s0059-3 (same); TCE s0059-s0059-4 (same); TCE s0076-s0076-1 (double); TCE s0077-s0077-1 (double); TCE s0077-s0077-2 (double); TCE s0078-s0078-1 (double); TCE s0078-s0078-2 (double); TCE s0079-s0079-1 (double); TCE s0079-s0079-2 (same); TCE s0079-s0079-3 (same); TCE s0080-s0080-1 (double); TCE s0080-s0080-2 (same); TCE s0080-s0080-3 (same); TCE s0082-s0082-1 (double); TCE s0083-s0083-1 (double); TCE s0084-s0084-1 (double); TCE s0084-s0084-2 (2/3); TCE s0084-s0084-3 (double); TCE s0085-s0085-1 (double); TCE s0085-s0085-2 (same); TCE s0085-s0085-4 (third); TCE s0086-s0086-1 (double); TCE s0086-s0086-3 (same); TCE s0086-s0086-4 (half); EB TIC 199574208 (same),plots/TIC199574208_5.png
219773961,1,10.5801,3836.0,0.636758,28,1415.2565482585183,0.47727253823321536,1683.6644411984628,66.80842051565502,1.6233217067978734,0.5678253309804727,12.495822732046697,9.017051367146886,0.7837101829036145,35.58671845701607,1318,2.384950935165121,-8.82970986439754,0.0,0.0,1.5079201650106884,0.016439927910517873,false positive,not distinct from other dips in folded light curve (red-noise SNR 0.8); another dip in the folded light curve is nearly as strong (uniqueness 0.1),SPOC TCE only (never promoted),TCE s0014-s0055-1 (same); TCE s0014-s0060-1 (same); TCE s0014-s0060-2 (3/2); TCE s0014-s0086-1 (3/2),plots/TIC219773961_1.png
219773961,2,10.5801,3836.0,0.636758,28,1415.2565482585183,0.47727555224820795,1683.8123578651293,61.24325319067587,1.7637826531761647,0.5436611338913174,12.336343454029631,10.250485455599803,1.1932443746964492,40.97722397729399,1332,1.432632015855656,-9.537167645553176,0.0,0.0,1.6383925360077105,0.015735613786385168,false positive,dip fills 15% of the orbit (not a transit); not distinct from other dips in folded light curve (red-noise SNR 1.2); another dip in the folded light curve is nearly as strong (uniqueness 0.1),SPOC TCE only (never promoted),TCE s0014-s0055-1 (same); TCE s0014-s0060-1 (same); TCE s0014-s0060-2 (3/2); TCE s0014-s0086-1 (3/2),plots/TIC219773961_2.png
219773961,3,10.5801,3836.0,0.636758,28,1415.2565482585183,0.47727355547581346,1683.504718398262,162.05756871168856,4.0,,3.315559043470932,,,49.296240489439924,1310,,,,,,,not vetted,,,,
219780306,1,8.16639,3753.0,0.560082,40,460.3582153668595,39.88336378927436,1710.8687982671322,138.38637242851254,2.4744521838121774,0.7188247610309328,9.870969029738466,6.984414725252161,5.359255454458312,12.811401672424902,18,4.150841616066053,-1.460565621741744,,,0.5851401692013026,0.8965856234886234,false positive,odd/even depths differ (4.2 sigma): likely eclipsing binary at 2x period; one transit carries 90% of the signal; modest red-noise SNR 5.4; transit depths vary by ~253% (chi2/dof 18.6),new,,plots/TIC219780306_1.png
219780306,2,8.16639,3753.0,0.560082,40,460.3582153668595,38.40529442878542,1706.1083816004655,145.6210866458406,1.830629195675701,0.7373751538790931,9.431167660866302,7.429708842317454,5.595405670341526,12.688725598262378,25,2.674095094000228,1.2502977394663373,0.0,0.0,0.4383766413444152,0.8340514668706673,false positive,one transit carries 83% of the signal; modest red-noise SNR 5.6; transit depths vary by ~215% (chi2/dof 10.9),new,,plots/TIC219780306_2.png
219780306,3,8.16639,3753.0,0.560082,40,460.3582153668595,32.25413927382955,1686.5333816004654,98.74828284673116,1.5615223138881857,0.6072131136727615,7.899991838744429,4.204000548062403,4.309656499578608,10.382984799485824,28,2.2854951562995036,0.7294252438496476,0.0,0.0,0.3963327125634986,0.7499831007346213,false positive,one transit carries 75% of the signal; not distinct from other dips in folded light curve (red-noise SNR 4.3); another dip in the folded light curve is nearly as strong (uniqueness 1.9); transit depths vary by ~288% (chi2/dof 5.9),new,,plots/TIC219780306_3.png
219780306,4,8.16639,3753.0,0.560082,40,460.3582153668595,27.451596035447857,1697.5750482671322,54.20514148346091,4.846893156530993,0.44987991791246534,9.037709759560803,6.855023628544378,5.571190584282465,9.41227595493298,39,0.9965425310280415,1.2651749487228774,,,1.2981055856380668,0.3448874595076829,false positive,period near orbit x 2; period near sector x 1; modest red-noise SNR 5.6; transit depths vary by ~211% (chi2/dof 6.2),new,,plots/TIC219780306_4.png
219780306,5,8.16639,3753.0,0.560082,40,460.3582153668595,26.171817499525815,1694.3990066004656,110.35454879727727,0.8500001502399595,0.6419060748536966,7.190874639447536,5.442768264234657,4.5529730692977,7.318051137297982,39,3.150504951388576,-0.6135564411631464,0.0,0.0,0.2312998255684175,0.7712383027267723,false positive,odd/even depths differ (3.2 sigma): likely eclipsing binary at 2x period; one transit carries 77% of the signal; not distinct from other dips in folded light curve (red-noise SNR 4.6); another dip in the folded light curve is nearly as strong (uniqueness 1.4); transit depths vary by ~219% (chi2/dof 4.4),new,,plots/TIC219780306_5.png
220433100,1,9.91175,3675.0,0.648019,31,965.7792509981003,28.783734299697045,1370.3065046828538,268.1206194252298,2.8,1.1576508560132253,11.625472441591508,9.001702877171235,8.141137904430936,35.745683441741285,21,4.213607155831856,-2.5568311265654122,,,0.6642767057204119,0.9858793102967363,false positive,"odd/even depths differ (4.2 sigma): likely eclipsing binary at 2x period; one transit carries 99% of the signal; signal weak in one half of the data (half SNRs 1.5, 11.1); transit depths vary by ~392% (chi2/dof 56.5)",new,,plots/TIC220433100_1.png
220433100,2,9.91175,3675.0,0.648019,31,965.7792509981003,35.40865308753997,1385.867963016187,305.7210085802707,0.75,,5.381462285363927,,,8.638878109505061,13,,,,,,,not vetted,,,,
224602388,1,10.6014,3480.0,0.349328,23,1468.5967533720946,27.429192166772726,1743.5622838893823,393.1109230865855,1.263722890519658,0.7556413299512639,6.25364121992625,6.554223980523075,5.430475742997946,7.491261308404442,19,2.4917519927399017,0.7132317384521372,,,0.45822956695710676,0.33702196846969545,false positive,period near orbit x 2; period near sector x 1; modest red-noise SNR 5.4,new,,plots/TIC224602388_1.png
229459070,1,10.2589,3533.0,0.440701,25,1226.4055906874364,0.58389038536796,1683.419280328578,70.84499412408961,1.5913026133373598,0.40469083667413946,9.794208348177813,10.021254622940235,0.9003418904902222,20.534642773839874,954,0.7397234654937714,-4.227926663242772,0.0,0.0,1.7935815527019083,0.04790311795052157,false positive,not distinct from other dips in folded light curve (red-noise SNR 0.9); another dip in the folded light curve is nearly as strong (uniqueness 0.3),new,,plots/TIC229459070_1.png
229459070,2,10.2589,3533.0,0.440701,25,1226.4055906874364,0.5838959553877484,1683.8942803285781,57.39817954468559,1.2130022523814974,0.36426533653397275,10.44857735985011,6.754486318846215,0.9959010914593486,23.805016399044867,948,0.5776959074502989,-6.714658843846164,0.0,0.0,1.3671891897618194,0.017987043390955745,false positive,not distinct from other dips in folded light curve (red-noise SNR 1.0); another dip in the folded light curve is nearly as strong (uniqueness 0.3),new,,plots/TIC229459070_2.png
229459070,3,10.2589,3533.0,0.440701,25,1226.4055906874364,0.583902175408359,1683.7074749856022,1.7001450746520463e-08,3.4491584743511097,6.269194983097266e-06,8.0633973787537,0.45397116338213067,,21.074798544628056,960,2.174583447498643,,-0.7339871139593999,0.0,3.8875738893417138,0.05363029478981327,false positive,dip lasts 3.9x longer than a planet could take to cross this star (blend or variability); dip fills 25% of the orbit (not a transit); red-noise test could not be run,new,,plots/TIC229459070_3.png
229459070,4,10.2589,3533.0,0.440701,25,1226.4055906874364,0.5839026104901847,1683.4574749856022,99.17293063710963,4.0,,3.595750562317265,,,30.842297658238568,819,,,,,,,not vetted,,,,
229589015,1,9.68528,3882.0,0.593597,32,903.4096591807449,14.776667971658155,1694.5304409008434,217.32533319405104,1.0835319918788948,0.9547103374015399,6.154622592693745,4.859192123072477,4.558064870847432,7.014429681664923,47,0.5195528455752452,-0.4467912819796824,0.0,0.0,0.3422645015278588,0.2999186834158981,false positive,not distinct from other dips in folded light curve (red-noise SNR 4.6),new,,plots/TIC229589015_1.png
229742951,1,9.94056,3590.0,0.605083,29,1159.1242319557214,22.8506684044747,1700.0183945993142,585.8884651399028,3.2448458965944518,1.597891093143574,20.27761999670055,8.726798175600862,6.069100863737578,14.432483582235346,24,3.014848658721632,1.6056283397181579,0.0,0.0,0.8742178752720577,0.7167197436451932,false positive,odd/even depths differ (3.0 sigma): likely eclipsing binary at 2x period; one transit carries 72% of the signal; modest red-noise SNR 6.1; transit depths vary by ~219% (chi2/dof 15.5),new,,plots/TIC229742951_1.png
229742951,2,9.94056,3590.0,0.605083,29,1159.1242319557214,14.054774775535648,1691.1600612659809,228.52903335189112,4.184622872040958,0.9979537015496387,14.33654065639859,6.834091928104084,3.3903084927092433,10.400843293836694,51,1.7471631479381329,1.006650968321833,0.0,0.0,1.3255936767667786,0.28122337752642246,false positive,not distinct from other dips in folded light curve (red-noise SNR 3.4); another dip in the folded light curve is nearly as strong (uniqueness 1.6); transit depths vary by ~156% (chi2/dof 3.3),new,,plots/TIC229742951_2.png
229742951,3,9.94056,3590.0,0.605083,29,1159.1242319557214,28.47218562826732,1698.6850612659807,627.3536759841513,3.8465974181464455,1.6534684998096594,16.036541910785044,7.464062006260565,4.85015057759172,9.364152484799005,17,0.7661492563882603,-1.9478090495848026,,,0.9630969948977678,0.48467752532734765,false positive,not distinct from other dips in folded light curve (red-noise SNR 4.9); another dip in the folded light curve is nearly as strong (uniqueness 1.6); transit depths vary by ~137% (chi2/dof 7.4),new,,plots/TIC229742951_3.png
229742951,4,9.94056,3590.0,0.605083,29,1159.1242319557214,29.321719516458938,1698.7121445993141,466.1785850778951,3.0565482709159184,1.425331429559958,15.286227486457221,6.861626444201735,4.440267765876745,9.97777007293196,21,0.8179780708914512,-0.8129910810182228,0.0,0.0,0.7578256132025823,0.722838612135883,false positive,one transit carries 72% of the signal; not distinct from other dips in folded light curve (red-noise SNR 4.4); another dip in the folded light curve is nearly as strong (uniqueness 1.8); transit depths vary by ~240% (chi2/dof 13.3),new,,plots/TIC229742951_4.png
229742951,5,9.94056,3590.0,0.605083,29,1159.1242319557214,13.109813148982013,1683.8683945993141,282.0054774039193,2.4079013737363297,1.1085836623039205,13.958973743622115,6.894291059239784,3.2584868022603892,10.05742596138086,40,0.8656568429909126,-1.2295100844892024,,,0.7806610355889955,0.17431135205660467,false positive,not distinct from other dips in folded light curve (red-noise SNR 3.3); another dip in the folded light curve is nearly as strong (uniqueness 0.6),new,,plots/TIC229742951_5.png
230390765,1,10.4682,3725.0,0.58358,26,1385.5037611856844,38.63291952826862,1717.9881073081515,216.9791226010897,2.8,,5.756972624623924,,,8.220511807644169,16,,,,,,,not vetted,,,,
233051394,1,10.0085,3864.0,0.560923,30,1078.2101353484995,9.127539502705394,1689.394022120321,84.44373028323268,4.796877799000408,0.562356479757581,7.307357708040818,5.265226060484868,2.6866812946940852,11.28874078694895,78,2.936512204927235,-1.0745832090569574,0.0,0.0,1.8521438954058898,0.26259715211449863,false positive,not distinct from other dips in folded light curve (red-noise SNR 2.7); period near sector x 0.333333; another dip in the folded light curve is nearly as strong (uniqueness 1.2); transit depths vary by ~301% (chi2/dof 4.0),new,,plots/TIC233051394_1.png
233051394,2,10.0085,3864.0,0.560923,30,1078.2101353484995,38.853701413434344,1696.0419387869877,265.35655252701616,4.2730126591925774,0.9968800546872728,9.496246987560037,7.094272449216652,4.188692367240604,10.970765798011499,16,1.4444518036962477,0.578316205130016,0.0,0.0,1.0182226364527447,0.4067505296320953,false positive,not distinct from other dips in folded light curve (red-noise SNR 4.2); another dip in the folded light curve is nearly as strong (uniqueness 1.9); transit depths vary by ~109% (chi2/dof 5.0),new,,plots/TIC233051394_2.png
233051394,3,10.0085,3864.0,0.560923,30,1078.2101353484995,27.92352508629776,1693.650272120321,200.58647909566295,2.1406897091251453,0.8667200161369804,6.967368809384242,4.88056961105751,3.4901692521230916,10.73086752149429,24,2.403366023681125,1.4423869037618955,0.0,0.0,0.5694754417036347,0.43902025611785467,false positive,not distinct from other dips in folded light curve (red-noise SNR 3.5); another dip in the folded light curve is nearly as strong (uniqueness 0.6); transit depths vary by ~208% (chi2/dof 4.2),new,,plots/TIC233051394_3.png
233068870,1,10.3412,3062.0,0.194978,35,3286.4362683293234,0.5603456067567163,1683.7312140726756,3074.121138270391,3.4294122179793716,1.1794264157011425,282.3944605054182,49.76821273579464,,2185.764739427393,1428,0.0502875211325004,,-0.4432236091990818,0.0,6.417625767324975,0.002096292272406184,false positive,dip lasts 6.4x longer than a planet could take to cross this star (blend or variability); dip fills 26% of the orbit (not a transit); red-noise test could not be run,SPOC TCE only (never promoted),TCE s0014-s0023-2 (same); TCE s0014-s0023-3 (half); TCE s0014-s0041-3 (double); TCE s0014-s0041-4 (same); TCE s0014-s0050-1 (double); TCE s0014-s0050-2 (double); TCE s0014-s0050-3 (same); TCE s0014-s0086-3 (double); TCE s0014-s0086-5 (double); TCE s0014-s0086-4 (double); TCE s0014-s0086-6 (double),plots/TIC233068870_1.png
233068870,2,10.3412,3062.0,0.194978,35,3286.4362683293234,0.5603468183603536,1683.4499640726756,3031.854302330891,3.3962654040462206,1.1712902426555742,366.37774116589657,47.02582024711705,,2589.1778177810993,1424,0.17033064428101075,,-0.24513627912495406,0.0,6.355591990448987,0.0035163043617074995,false positive,dip lasts 6.4x longer than a planet could take to cross this star (blend or variability); dip fills 25% of the orbit (not a transit); red-noise test could not be run,SPOC TCE only (never promoted),TCE s0014-s0023-2 (same); TCE s0014-s0023-3 (half); TCE s0014-s0041-3 (double); TCE s0014-s0041-4 (same); TCE s0014-s0050-1 (double); TCE s0014-s0050-2 (double); TCE s0014-s0050-3 (same); TCE s0014-s0086-3 (double); TCE s0014-s0086-5 (double); TCE s0014-s0086-4 (double); TCE s0014-s0086-6 (double),plots/TIC233068870_2.png
233722299,1,10.7419,3728.0,0.542448,23,1554.705262714593,7.321235421744786,1687.9844488094288,201.97446467973384,0.75,,5.103843073844377,,,7.0163287835097785,69,,,,,,,not vetted,,,,
235048515,1,9.24611,3632.0,0.480832,21,703.6597011927578,30.88311638868471,1394.5843723938626,284.1908841475999,1.7937301210830567,0.8843479735632321,10.568593175639435,7.726452608853595,9.075761957198699,44.804767157596544,13,4.8151747825121705,-1.2666671541502783,0.0,0.0,0.5124330614605221,0.9816345817835732,false positive,odd/even depths differ (4.8 sigma): likely eclipsing binary at 2x period; one transit carries 98% of the signal; transit depths vary by ~291% (chi2/dof 40.3),new,,plots/TIC235048515_1.png
235048515,2,9.24611,3632.0,0.480832,21,703.6597011927578,37.992223593250024,1402.4604140605293,314.9350898303538,0.75,0.9309548942422794,7.541462025181689,5.022133430727129,6.784041865133731,8.767113540313701,13,1.3797937553820152,0.5442712784888466,0.0,0.0,0.19996498376604543,0.89741330901527,false positive,significant second dip at phase 0.13 (6.4 sigma); one transit carries 90% of the signal; modest red-noise SNR 6.8; another dip in the folded light curve is nearly as strong (uniqueness 1.8); transit depths vary by ~205% (chi2/dof 8.9),new,,plots/TIC235048515_2.png
256324377,1,9.68774,3652.0,0.583782,24,931.1556103926043,0.6108514823783701,1683.8941861978847,207.97425407310828,3.8376082970779626,0.918502279207529,45.240964126483156,38.202639754388784,,210.69500590984592,897,6.028823426528329,,-0.6744907594765952,0.0,3.5162440674331767,0.026200560125695636,false positive,odd/even depths differ (6.0 sigma): likely eclipsing binary at 2x period; V-shaped dip (grazing eclipse); dip lasts 3.5x longer than a planet could take to cross this star (blend or variability); dip fills 26% of the orbit (not a transit); red-noise test could not be run,SPOC TCE only (never promoted),TCE s0014-s0016-1 (half); TCE s0014-s0019-1 (half); TCE s0014-s0023-1 (same); TCE s0014-s0023-2 (half); TCE s0014-s0023-3 (same); TCE s0014-s0026-1 (same); TCE s0014-s0026-2 (same); TCE s0014-s0026-3 (half); TCE s0014-s0041-1 (same); TCE s0014-s0041-2 (half); TCE s0014-s0041-3 (same); TCE s0014-s0050-1 (half); TCE s0014-s0050-2 (same); TCE s0014-s0050-3 (half); TCE s0014-s0050-4 (same); TCE s0014-s0055-2 (half); TCE s0014-s0055-3 (half); TCE s0014-s0055-1 (half); TCE s0014-s0060-1 (half); TCE s0014-s0060-2 (half); TCE s0014-s0060-3 (half); TCE s0014-s0060-4 (half); TCE s0014-s0086-4 (half); TCE s0014-s0086-3 (same); TCE s0014-s0086-1 (half); TCE s0014-s0086-2 (same); TCE s0021-s0021-1 (same); TCE s0059-s0059-1 (same); TCE s0084-s0084-1 (same),plots/TIC256324377_1.png
256324377,2,9.68774,3652.0,0.583782,24,931.1556103926043,7.020094527094328,1689.3525211087683,187.12199944361285,1.0,,5.28449118444479,,,10.63649618308564,23,,,,,,,not vetted,,,,
260004324,1,10.1428,3596.0,0.504068,42,1106.689609677087,3.8143084883949654,1327.4155692184183,387.4627339933123,1.5221422430429918,1.0825023495688122,32.2222988756795,31.972541695851927,24.4850501547473,116.64320233170129,249,0.8051778163986949,1.9381927518246735,0.0,0.0,0.8457005966663266,0.018319346271380012,candidate,,known (planet/TOI/CTOI),TOI-704.01 (same); CTOI-260004324.01 (same); LHS 1815 b (same); TCE s0001-s0002-1 (same); TCE s0001-s0003-1 (same); TCE s0001-s0006-1 (same); TCE s0001-s0009-1 (same); TCE s0001-s0013-1 (same); TCE s0001-s0036-1 (same); TCE s0001-s0039-1 (same); TCE s0001-s0065-1 (same); TCE s0001-s0069-1 (same); TCE s0001-s0096-1 (same),plots/TIC260004324_1.png
260004324,2,10.1428,3596.0,0.504068,42,1106.689609677087,15.975108959388349,1326.338485885085,135.56067736566507,2.122481363992261,0.6402959332746481,8.156112031586002,6.917446572348047,5.947008773528021,15.89037265882147,60,0.10773662780161974,-2.071335218050841,0.0,0.0,0.7319778547003642,0.5667770631183681,false positive,one transit carries 57% of the signal; modest red-noise SNR 5.9; transit depths vary by ~380% (chi2/dof 11.6),new,,plots/TIC260004324_2.png
260004324,3,10.1428,3596.0,0.504068,42,1106.689609677087,26.078249606576023,1342.4749442184184,260.7127367140264,1.0728144081350195,0.8879632715312851,6.972746974911687,6.31464554470503,6.258552978814154,8.063698019579611,33,0.7990889104078026,-0.18343677142523332,0.0,0.0,0.3142341562572376,0.7244602183124459,false positive,one transit carries 72% of the signal; modest red-noise SNR 6.3; transit depths vary by ~194% (chi2/dof 5.0),new,,plots/TIC260004324_3.png
260708537,1,9.36854,3470.0,0.426676,44,767.4624014208847,1.744698766384295,1326.9802403115584,145.80688115978577,1.2882286823132212,0.5620979168765735,26.139972539028907,25.61335709420449,13.522150918186245,92.60963680577856,579,0.7615651349434595,-1.3766993817881195,0.0,0.0,1.0342153139242443,0.014166233147152655,candidate,,known (planet/TOI/CTOI),TOI-486.01 (same); GJ 238 b (same); TCE s0001-s0003-1 (same); TCE s0001-s0006-1 (same); TCE s0001-s0009-1 (same); TCE s0001-s0013-1 (same); TCE s0001-s0036-1 (same); TCE s0001-s0039-1 (same); TCE s0001-s0065-1 (same); TCE s0001-s0069-1 (same); TCE s0001-s0096-1 (same),plots/TIC260708537_1.png
261156988,1,10.5488,3879.0,0.621163,33,1360.0939792764354,26.610659143246114,1331.775901363733,229.6612987305398,1.2676204925992536,1.0270089718744735,6.036953326655703,4.260883855815772,5.516476251828118,8.717827983185725,28,0.8247583661895088,2.1394996144319376,0.0,0.0,0.3184741698343059,0.32154671927138595,below threshold,modest red-noise SNR 5.5,new,,plots/TIC261156988_1.png
272232401,1,8.94488,3397.0,0.38757,27,904.183866453491,2.826122831369502,1386.1853403956902,236.5321722687318,9.999999999999813,0.6503093731299223,54.298713757521746,11.907727031172858,4.955641432764007,31.843620627099188,226,0.5288443885229535,4.3852487311903845,-0.050573459887163164,0.0,7.260471390748679,0.15503654140190531,false positive,"dip at phase 0.5 (4.4 sigma): secondary eclipse, or true period is P/2; dip lasts 7.3x longer than a planet could take to cross this star (blend or variability); not distinct from other dips in folded light curve (red-noise SNR 5.0); period near rotation x 1 (Prot=2.81 d)",new,,plots/TIC272232401_1.png
272232401,2,8.94488,3397.0,0.38757,27,904.183866453491,2.826308360547651,1388.7103403956903,185.75859666901474,9.999999999999927,0.5763009882090205,44.37222549751523,8.955932669437948,0.8815505935569797,19.69146170418958,223,0.4138891233306736,-5.0018181499634276,1.2530617537991777,56.08330018598435,7.260312951062426,0.21949256199377074,false positive,dip lasts 7.3x longer than a planet could take to cross this star (blend or variability); not distinct from other dips in folded light curve (red-noise SNR 0.9); period near rotation x 1 (Prot=2.81 d); another dip in the folded light curve is nearly as strong (uniqueness 1.8),new,,plots/TIC272232401_2.png
272232401,3,8.94488,3397.0,0.38757,27,904.183866453491,2.826733803352443,1387.7117218725182,156.34963863416206,7.64852119007109,0.5287170849920149,43.151053814692325,7.648508702450397,0.3950621006173281,24.16379499682548,228,1.9793000742885902,2.570651278523867,-0.16464294621091843,0.0,5.552787896786789,0.14186332547435213,false positive,dip lasts 5.6x longer than a planet could take to cross this star (blend or variability); not distinct from other dips in folded light curve (red-noise SNR 0.4); period near rotation x 1 (Prot=2.81 d); another dip in the folded light curve is nearly as strong (uniqueness 0.3),new,,plots/TIC272232401_3.png
272232401,4,8.94488,3397.0,0.38757,27,904.183866453491,2.8255208496942266,1388.6950552058515,145.55937535713912,9.999999999999998,0.5101465983765616,44.43531576344756,8.557523256984979,1.308565056871972,22.82085620705464,226,0.18715847356400717,-13.600734227169687,-1.6556307129772345,0.0,7.260985571048438,0.16554027440816663,false positive,dip lasts 7.3x longer than a planet could take to cross this star (blend or variability); not distinct from other dips in folded light curve (red-noise SNR 1.3); period near rotation x 1 (Prot=2.81 d); another dip in the folded light curve is nearly as strong (uniqueness 1.4),new,,plots/TIC272232401_4.png
272232401,5,8.94488,3397.0,0.38757,27,904.183866453491,2.825238028976023,1388.7325552058514,226.06732815298378,8.793698570422162,0.635760884602539,44.51326126418852,6.824852700163183,2.2932761662324217,23.447431625256463,227,3.9021976228817317,-11.420046746857823,0.22786659793446237,9.079387896040515,6.385304317361034,0.08648875607715502,false positive,odd/even depths differ (3.9 sigma): likely eclipsing binary at 2x period; dip lasts 6.4x longer than a planet could take to cross this star (blend or variability); not distinct from other dips in folded light curve (red-noise SNR 2.3); period near rotation x 1 (Prot=2.81 d); transit depths vary by ~1748% (chi2/dof 31.9),new,,plots/TIC272232401_5.png
278779899,1,8.089,3806.0,0.535694,41,406.6483655988075,38.181129577054236,1360.000775484647,67.49990108969895,3.2079241511988186,0.48016787514960835,7.377895534931566,6.563143392864458,4.970461539038568,10.169125275696748,23,0.9875183021864811,-1.5150556274074576,0.0,0.0,0.7939319679475132,0.35878821993232884,false positive,not distinct from other dips in folded light curve (red-noise SNR 5.0); another dip in the folded light curve is nearly as strong (uniqueness 1.7); transit depths vary by ~158% (chi2/dof 5.4),new,,plots/TIC278779899_1.png
278779899,2,8.089,3806.0,0.535694,41,406.6483655988075,19.81334733688513,1337.069525484647,65.18449802704751,1.0,,5.750685675239233,,,8.563771309849315,43,,,,,,,not vetted,,,,
279251651,1,10.5886,3726.0,0.555239,32,1433.43900489213,0.40384387705321356,1354.46766935071,601.215971794177,1.4930406573380859,1.4853197940248686,78.89151820096608,73.75426485797848,10.932178119441895,898.8284629480139,1721,0.7822925827395477,-16.88285485932224,0.0,0.0,1.6176129664537424,0.00435452266917695,false positive,V-shaped dip (grazing eclipse); dip fills 15% of the orbit (not a transit),known (planet/TOI/CTOI),TOI-419.01 (same); TCE s0001-s0003-1 (same); TCE s0001-s0006-1 (same); TCE s0001-s0009-1 (same); TCE s0001-s0013-1 (same); TCE s0001-s0036-1 (same); TCE s0001-s0039-1 (same); TCE s0001-s0096-1 (same); TCE s0002-s0002-1 (same); TCE s0003-s0003-1 (same); TCE s0005-s0005-1 (same); TCE s0006-s0006-1 (same); TCE s0007-s0007-1 (same); TCE s0008-s0008-1 (same); TCE s0009-s0009-1 (same); TCE s0010-s0010-1 (same); TCE s0012-s0012-1 (same); TCE s0013-s0013-1 (same); TCE s0027-s0027-1 (same); TCE s0029-s0029-1 (same); TCE s0030-s0030-1 (same); TCE s0031-s0031-1 (same); TCE s0033-s0033-1 (same); TCE s0034-s0034-1 (same); TCE s0036-s0036-1 (same); TCE s0037-s0037-1 (same); TCE s0038-s0038-1 (same); TCE s0039-s0039-1 (same); TCE s0087-s0087-1 (same); TCE s0088-s0088-1 (same); TCE s0089-s0089-1 (same); TCE s0090-s0090-1 (same); TCE s0093-s0093-1 (same); TCE s0094-s0094-1 (same); TCE s0095-s0095-1 (same); TCE s0096-s0096-1 (same),plots/TIC279251651_1.png
279251651,2,10.5886,3726.0,0.555239,32,1433.43900489213,39.80863216409157,1383.9780860173767,494.49725685631336,0.7104213347086183,1.3470591224726316,6.084091507120603,4.865897307414479,4.420720299459178,17.764108328781816,15,1.075137619732447,0.03815100276839033,0.0,0.0,0.16912789212707394,0.843265508965261,false positive,one transit carries 84% of the signal; not distinct from other dips in folded light curve (red-noise SNR 4.4); another dip in the folded light curve is nearly as strong (uniqueness 1.2); transit depths vary by ~205% (chi2/dof 5.5),new,,plots/TIC279251651_2.png
288344202,1,10.816,3629.0,0.497946,35,1823.3011616393965,1.3048847950154339,1684.5944102588865,740.1272667422081,6.855746862460736,1.4779515615705372,93.10449732721743,22.452949733901136,,186.36345018099934,592,0.4215198921543904,,-0.07600932511206886,0.0,5.480090543523392,0.011429463456335498,false positive,V-shaped dip (grazing eclipse); dip lasts 5.5x longer than a planet could take to cross this star (blend or variability); dip fills 22% of the orbit (not a transit); red-noise test could not be run; period near rotation x 1 (Prot=1.30 d),new,,plots/TIC288344202_1.png
288344202,2,10.816,3629.0,0.497946,35,1823.3011616393965,2.6099663212583297,1685.0527442835562,424.0333529103147,7.908627519405092,1.1186829206529132,49.17322863512317,8.498139843725415,1.0666689996698473,155.16227890301585,297,0.26694924920724844,7.11829268236658,-1.0316700516722501,0.0,5.02538577492276,0.022229440233247622,false positive,"dip at phase 0.5 (7.1 sigma): secondary eclipse, or true period is P/2; dip lasts 5.0x longer than a planet could take to cross this star (blend or variability); not distinct from other dips in folded light curve (red-noise SNR 1.1); period near rotation x 2 (Prot=1.30 d); another dip in the folded light curve is nearly as strong (uniqueness -0.2)",new,,plots/TIC288344202_2.png
288344202,3,10.816,3629.0,0.497946,35,1823.3011616393965,2.610174761660007,1683.6589942835562,279.80854693581233,5.133077380322751,0.908735484285781,46.333940408759766,6.58662720506009,0.6188078265656201,147.70432732466017,295,0.011529938344435577,6.947148817726631,-1.4350417597108769,0.0,3.261629172871154,0.027582727510613952,false positive,"dip at phase 0.5 (6.9 sigma): secondary eclipse, or true period is P/2; dip lasts 3.3x longer than a planet could take to cross this star (blend or variability); not distinct from other dips in folded light curve (red-noise SNR 0.6); period near rotation x 2 (Prot=1.30 d); another dip in the folded light curve is nearly as strong (uniqueness -0.7)",new,,plots/TIC288344202_3.png
288344202,4,10.816,3629.0,0.497946,35,1823.3011616393965,1.3054532173135,1684.200660950223,515.2055508387899,7.482467828526163,1.2330970687134462,62.070147065703,19.609968628233755,,75.28657001253467,596,0.020312270567840806,,-1.2808637077432565,0.0,5.980196263212361,0.009763574187151267,false positive,dip lasts 6.0x longer than a planet could take to cross this star (blend or variability); dip fills 24% of the orbit (not a transit); red-noise test could not be run; period near rotation x 1 (Prot=1.30 d),new,,plots/TIC288344202_4.png
288344202,5,10.816,3629.0,0.497946,35,1823.3011616393965,1.3049998741208677,1683.938160950223,205.40081594569833,9.333352721034426,0.7785886722855399,57.476071055458476,-4.271837714948524,,59.884283752032516,603,0.12193937031670997,,-0.8322869836410637,0.0,7.460329472321788,0.026668017155387348,false positive,dip lasts 7.5x longer than a planet could take to cross this star (blend or variability); dip fills 30% of the orbit (not a transit); period near rotation x 1 (Prot=1.30 d); red-noise test could not be run,new,,plots/TIC288344202_5.png
288634843,1,10.5931,3301.0,0.300411,21,1546.4741784266168,13.313349494147348,1690.0173235010802,420.35418200042056,3.7581346874164048,0.6719674985575745,14.36976166920712,10.1801832509702,7.525924833793438,14.280681102034489,36,1.9994112383061755,0.7339802325390445,0.0,0.0,1.8956186029798974,0.4794662101925646,weak candidate,transit depths vary by ~288% (chi2/dof 25.6),new,,plots/TIC288634843_1.png
294093302,1,10.8507,3205.0,0.297977,36,1654.1053238603135,32.22862579177179,1364.0340659543772,307.97758859360437,1.0,,5.061654151806922,,,7.40487402098805,25,,,,,,,not vetted,,,,
300037819,1,9.46831,3836.0,0.575857,35,784.8081370698773,27.950525341769783,1333.6579824216008,152.72065428344217,1.8182120397158696,0.7764049381929823,6.834393348999312,6.740763269692141,5.033838062124142,7.2003393000224705,26,1.1183075012199126,0.7801405215368836,0.0,0.0,0.474628861286844,0.6219968069967543,false positive,one transit carries 62% of the signal; modest red-noise SNR 5.0; transit depths vary by ~143% (chi2/dof 3.8),new,,plots/TIC300037819_1.png
300443029,1,10.4743,3556.0,0.41123,32,1303.2613463662535,13.376180372495503,1334.0999792717769,260.4030199518786,0.5,,5.803248469245135,,,17.60836734081792,57,,,,,,,not vetted,,,,
306472525,1,10.1413,3675.0,0.476837,21,1097.6204191069976,39.48619244963296,2071.161416478783,412.4428547780455,0.75,,5.879457002117867,,,10.965631077332144,11,,,,,,,not vetted,,,,
306574570,1,9.90152,3320.0,0.496934,28,993.1811506415968,17.008364031389764,1364.9348409907318,150.78418119061965,5.093945673072702,0.6657349442759785,7.504967049481409,7.556570535314412,5.468151046275084,10.052600780547763,37,1.1796022709394265,1.5083032323343677,,,1.7369372049236294,0.39748899955471756,weak candidate,modest red-noise SNR 5.5; transit depths vary by ~289% (chi2/dof 11.7),new,,plots/TIC306574570_1.png
306824150,1,10.7409,3832.0,0.598961,29,1564.0000561470279,31.39070778202071,1325.7185192943632,407.1091462774339,1.0,,5.89811265918993,,,8.260505097540788,17,,,,,,,not vetted,,,,
307210830,1,9.41242,3429.0,0.31416,27,788.9844079513684,3.6906723033646394,1356.2032446743578,1611.6012714171923,1.3225860815931372,1.3759556615221562,142.83479850832208,124.95708696364233,116.7308689609028,466.6885240791297,170,1.0660469472943441,-0.8999020950281098,0.0,0.0,0.9962425841921734,0.013385939032724697,candidate,,known (planet/TOI/CTOI),TOI-175.01 (same); L 98-59 c (same); TCE s0001-s0006-1 (same); TCE s0001-s0009-1 (same); TCE s0001-s0013-1 (same); TCE s0001-s0036-1 (same); TCE s0001-s0039-1 (same); TCE s0001-s0065-1 (same); TCE s0001-s0069-1 (same); TCE s0001-s0096-1 (same); TCE s0002-s0002-1 (same); TCE s0005-s0005-1 (same); TCE s0008-s0008-1 (same); TCE s0009-s0009-1 (same); TCE s0010-s0010-1 (same); TCE s0011-s0011-1 (same); TCE s0012-s0012-1 (same); TCE s0028-s0028-1 (same); TCE s0029-s0029-1 (same); TCE s0032-s0032-1 (same); TCE s0035-s0035-1 (same); TCE s0036-s0036-1 (same); TCE s0037-s0037-1 (same); TCE s0038-s0038-1 (same); TCE s0039-s0039-1 (same); TCE s0061-s0061-1 (same); TCE s0062-s0062-1 (same); TCE s0063-s0063-1 (same); TCE s0064-s0064-1 (same); TCE s0065-s0065-1 (half); TCE s0069-s0069-1 (same); TCE s0087-s0087-1 (same); TCE s0088-s0088-1 (same); TCE s0089-s0089-1 (same); TCE s0090-s0090-1 (same); TCE s0096-s0096-1 (same); TCE s0098-s0098-1 (same),plots/TIC307210830_1.png
307210830,2,9.41242,3429.0,0.31416,27,788.9844079513684,7.450730587443111,1355.2886613410246,1601.4813920980298,0.7764810143057226,1.3716287744203688,68.18447951882283,60.919464640531636,49.7036180836159,201.15389334466977,88,1.0508111571051861,-1.1420294381742753,0.0,0.0,0.4628836319231718,0.05725567357500702,candidate,,known (planet/TOI/CTOI),TOI-175.02 (same); L 98-59 d (same); TCE s0001-s0006-3 (same); TCE s0001-s0009-3 (same); TCE s0001-s0013-2 (same); TCE s0001-s0036-2 (same); TCE s0001-s0039-3 (same); TCE s0001-s0065-3 (same); TCE s0001-s0069-3 (same); TCE s0001-s0096-3 (same); TCE s0002-s0002-2 (same); TCE s0008-s0008-2 (same); TCE s0010-s0010-2 (same); TCE s0012-s0012-2 (same); TCE s0028-s0028-2 (same); TCE s0032-s0032-2 (same); TCE s0035-s0035-2 (same); TCE s0037-s0037-2 (same); TCE s0038-s0038-3 (same); TCE s0061-s0061-2 (same); TCE s0063-s0063-4 (same); TCE s0088-s0088-2 (same); TCE s0096-s0096-3 (same); TCE s0098-s0098-3 (same),plots/TIC307210830_2.png
307210830,3,9.41242,3429.0,0.31416,27,788.9844079513684,2.2531129004196897,1354.9053280076912,598.1498805299078,1.0510143340737754,0.8382636788615502,64.48908020863121,56.28569873564522,25.71226086200902,255.44840451808204,287,0.3094670599512804,0.612777389697725,0.0,0.0,0.932912685288476,0.03326582004923614,candidate,,known (planet/TOI/CTOI),TOI-175.03 (same); L 98-59 b (same); TCE s0001-s0006-2 (same); TCE s0001-s0009-2 (same); TCE s0001-s0013-3 (same); TCE s0001-s0036-3 (same); TCE s0001-s0039-2 (same); TCE s0001-s0065-2 (same); TCE s0001-s0069-2 (same); TCE s0001-s0096-2 (same); TCE s0002-s0002-3 (same); TCE s0005-s0005-2 (same); TCE s0008-s0008-3 (same); TCE s0009-s0009-2 (same); TCE s0010-s0010-3 (same); TCE s0011-s0011-2 (same); TCE s0012-s0012-3 (same); TCE s0028-s0028-3 (same); TCE s0029-s0029-2 (same); TCE s0032-s0032-3 (same); TCE s0035-s0035-3 (same); TCE s0036-s0036-2 (same); TCE s0037-s0037-3 (same); TCE s0038-s0038-2 (same); TCE s0039-s0039-2 (same); TCE s0061-s0061-3 (same); TCE s0062-s0062-2 (same); TCE s0063-s0063-2 (same); TCE s0064-s0064-2 (same); TCE s0065-s0065-2 (same); TCE s0069-s0069-2 (same); TCE s0087-s0087-2 (same); TCE s0088-s0088-3 (same); TCE s0089-s0089-2 (same); TCE s0090-s0090-2 (same); TCE s0096-s0096-2 (same); TCE s0098-s0098-2 (same),plots/TIC307210830_3.png
307210830,4,9.41242,3429.0,0.31416,27,788.9844079513684,1.0491829911263448,1354.7136613410246,214.13955015773936,1.6722025722570568,0.501561372180803,36.58056222153229,33.43486389100643,9.335098304263113,118.99564166331315,602,0.17476025215605062,6.5391122762651,0.0,0.0,1.9125536632645792,0.04676642491734002,false positive,"dip at phase 0.5 (6.5 sigma): secondary eclipse, or true period is P/2",known (planet/TOI/CTOI),CTOI-307210830.04 (same); TCE s0001-s0036-4 (same); TCE s0001-s0039-4 (same); TCE s0001-s0065-4 (same); TCE s0001-s0065-5 (same); TCE s0001-s0069-5 (same); TCE s0001-s0069-4 (same); TCE s0001-s0096-5 (same); TCE s0001-s0096-4 (same); TCE s0010-s0010-4 (same); TCE s0063-s0063-3 (same); TCE s0064-s0064-3 (same); TCE s0090-s0090-3 (same),plots/TIC307210830_4.png
307210830,5,9.41242,3429.0,0.31416,27,788.9844079513684,0.5245927698981241,1354.1824113410246,135.64540749184295,1.6713996342379724,0.3991886513723502,10.231966279886807,28.58521912891518,29.610786498619674,10.538429992373196,1201,17.714687959914556,1.5005071585218352,0.0,0.0,2.4011751888477018,0.033114977469790245,false positive,odd/even depths differ (17.7 sigma): likely eclipsing binary at 2x period; transit 2.4x longer than expected for this star; transit depths vary by ~183% (chi2/dof 3.3),known (planet/TOI/CTOI),CTOI-307210830.04 (half); TCE s0001-s0036-4 (half); TCE s0001-s0039-4 (half); TCE s0001-s0065-4 (half); TCE s0001-s0065-5 (half); TCE s0001-s0069-5 (half); TCE s0001-s0069-4 (half); TCE s0001-s0096-5 (half); TCE s0001-s0096-4 (half); TCE s0010-s0010-4 (half); TCE s0063-s0063-3 (half); TCE s0064-s0064-3 (half); TCE s0090-s0090-3 (half),plots/TIC307210830_5.png
33734143,1,9.85753,3878.0,0.601632,31,944.6301009842706,26.110819460974813,1335.249121955199,142.17387124040525,2.4060747455755047,0.7826463655385398,6.361174590858768,4.5793530833881615,4.464614209840279,11.824887085573096,26,4.953378591001972,1.1808625883728077,0.0,0.0,0.6226324760171857,0.7168731237020834,false positive,odd/even depths differ (5.0 sigma): likely eclipsing binary at 2x period; one transit carries 72% of the signal; not distinct from other dips in folded light curve (red-noise SNR 4.5); another dip in the folded light curve is nearly as strong (uniqueness 1.9); transit depths vary by ~281% (chi2/dof 6.8),new,,plots/TIC33734143_1.png
348839788,1,9.29995,3797.0,0.556023,44,791.3306391128219,0.5444940567495538,1325.6488998406717,239.62430155373488,3.3448193861974613,0.9390375027725388,113.25195962025141,47.059651805323455,,647.3675161629887,1870,1.1287928191937127,,0.0,0.0,3.2935256659766337,0.02015735050127391,false positive,dip lasts 3.3x longer than a planet could take to cross this star (blend or variability); dip fills 26% of the orbit (not a transit); red-noise test could not be run,SPOC TCE only (never promoted),TCE s0001-s0002-1 (same); TCE s0001-s0002-2 (same); TCE s0001-s0003-2 (same); TCE s0001-s0003-3 (same); TCE s0001-s0006-1 (2/3); TCE s0001-s0006-2 (2/3); TCE s0001-s0006-3 (2/3); TCE s0001-s0009-1 (2/3); TCE s0001-s0009-2 (2/3); TCE s0001-s0009-3 (2/3); TCE s0001-s0013-2 (same); TCE s0001-s0013-3 (same); TCE s0001-s0036-2 (same); TCE s0001-s0036-3 (same); TCE s0001-s0039-3 (third); TCE s0001-s0039-2 (same); TCE s0001-s0065-1 (same); TCE s0001-s0065-2 (same); TCE s0001-s0069-1 (double); TCE s0001-s0069-2 (double); TCE s0001-s0096-2 (double); TCE s0001-s0096-3 (double); TCE s0001-s0096-1 (double); TCE s0064-s0064-1 (same); TCE s0064-s0064-2 (same),plots/TIC348839788_1.png
348839788,2,9.29995,3797.0,0.556023,44,791.3306391128219,0.5444965582112239,1325.3780665073382,239.57127912194096,3.338447208227387,0.9389336051164467,154.54684130468797,47.20104647250962,,866.4107409647092,1864,1.4257715181421142,,0.0,0.0,3.287246378059091,0.023803898053310863,false positive,dip lasts 3.3x longer than a planet could take to cross this star (blend or variability); dip fills 26% of the orbit (not a transit); red-noise test could not be run,SPOC TCE only (never promoted),TCE s0001-s0002-1 (same); TCE s0001-s0002-2 (same); TCE s0001-s0003-2 (same); TCE s0001-s0003-3 (same); TCE s0001-s0006-1 (2/3); TCE s0001-s0006-2 (2/3); TCE s0001-s0006-3 (2/3); TCE s0001-s0009-1 (2/3); TCE s0001-s0009-2 (2/3); TCE s0001-s0009-3 (2/3); TCE s0001-s0013-2 (same); TCE s0001-s0013-3 (same); TCE s0001-s0036-2 (same); TCE s0001-s0036-3 (same); TCE s0001-s0039-3 (third); TCE s0001-s0039-2 (same); TCE s0001-s0065-1 (same); TCE s0001-s0065-2 (same); TCE s0001-s0069-1 (double); TCE s0001-s0069-2 (double); TCE s0001-s0096-2 (double); TCE s0001-s0096-3 (double); TCE s0001-s0096-1 (double); TCE s0064-s0064-1 (same); TCE s0064-s0064-2 (same),plots/TIC348839788_2.png
349484401,1,10.0452,3503.0,0.401065,39,1051.1844970638983,38.0912806154484,1354.8676772957808,313.83917269593115,1.3091649422572034,0.7751630975817478,7.284235229725139,6.375824522926461,6.170659104439511,31.630239754897534,24,4.325189789088965,-0.9644928313455859,0.0,0.0,0.39137046726256525,0.5365580393521028,false positive,odd/even depths differ (4.3 sigma): likely eclipsing binary at 2x period; one transit carries 54% of the signal; modest red-noise SNR 6.2; transit depths vary by ~243% (chi2/dof 9.9),new,,plots/TIC349484401_1.png
349484401,2,10.0452,3503.0,0.401065,39,1051.1844970638983,0.4156530925233474,1325.3280939624474,22.18362523287624,1.2996419490164857,0.20608945664521933,7.709925142677681,6.334540868756479,1.6546448002501848,13.805025135239703,2077,2.7093644653780826,-4.094104347207655,0.0,0.0,1.7355025796100036,0.02913492492022793,false positive,not distinct from other dips in folded light curve (red-noise SNR 1.7),new,,plots/TIC349484401_2.png
349484401,3,10.0452,3503.0,0.401065,39,1051.1844970638983,33.72386988010488,1335.17948182324,246.29841482607733,1.0,,5.244684693851232,,,14.733012768533971,16,,,,,,,not vetted,,,,
357032546,1,9.95622,3727.0,0.607855,26,8052.949486038293,0.4587322515137226,1683.4134777258043,11441.105526829628,3.4142177461137697,7.093470054137125,366.57295164560884,92.22787488336526,,1639.0115413974465,1246,0.4698705532318471,,0.8421807830709404,1.1507170795126254,3.3255174302444406,0.0031058202821838557,false positive,dip lasts 3.3x longer than a planet could take to cross this star (blend or variability); dip fills 31% of the orbit (not a transit); red-noise test could not be run,SPOC TCE only (never promoted),TCE s0014-s0023-6 (same); TCE s0014-s0026-4 (same); TCE s0014-s0026-5 (same); TCE s0014-s0055-1 (half); TCE s0014-s0055-2 (half); TCE s0014-s0060-1 (half); TCE s0014-s0060-2 (half); TCE s0014-s0086-2 (same); TCE s0014-s0086-3 (same); TCE s0014-s0086-1 (same); TCE s0014-s0086-4 (same),plots/TIC357032546_1.png
357032546,2,9.95622,3727.0,0.607855,26,8052.949486038293,0.45874959231778667,1683.6148651163185,4029.869910577932,2.2033940197913924,4.209885240942826,268.2672921717069,10.694513805790317,,857.2308758896125,1241,0.12207334457995506,,-1.553385677149775,0.0,2.14612508830962,0.005475167617227161,false positive,"dip fills 20% of the orbit (not a transit); period near rotation x 2 (Prot=0.23 d); transit 2.1x longer than expected for this star; red-noise test could not be run; signal weak in one half of the data (half SNRs -6.6, 21.7)",SPOC TCE only (never promoted),TCE s0014-s0023-6 (same); TCE s0014-s0026-4 (same); TCE s0014-s0026-5 (same); TCE s0014-s0055-1 (half); TCE s0014-s0055-2 (half); TCE s0014-s0060-1 (half); TCE s0014-s0060-2 (half); TCE s0014-s0086-2 (same); TCE s0014-s0086-3 (same); TCE s0014-s0086-1 (same); TCE s0014-s0086-4 (same),plots/TIC357032546_2.png
359496368,1,10.1358,3897.0,0.557752,25,1138.6461979137325,2.6652083985211186,1685.1967969002405,404.87813581140625,3.952838135362876,1.2244133303919387,39.185691209357934,38.218533006320534,21.025356042715345,180.59507843322154,208,5.984468267994129,-1.7643856405320333,-0.46305537785737183,0.0,2.30754485907579,0.0196690975028516,false positive,odd/even depths differ (6.0 sigma): likely eclipsing binary at 2x period; transit 2.3x longer than expected for this star,known (planet/TOI/CTOI),TOI-1178.01 (same); TCE s0014-s0016-1 (same); TCE s0014-s0019-1 (same); TCE s0014-s0023-1 (same); TCE s0014-s0026-1 (same); TCE s0014-s0041-1 (same); TCE s0014-s0050-1 (same); TCE s0014-s0055-1 (same); TCE s0014-s0086-1 (same); TCE s0015-s0015-1 (same); TCE s0021-s0021-1 (same); TCE s0022-s0022-1 (same); TCE s0026-s0026-1 (same); TCE s0040-s0040-1 (same); TCE s0053-s0053-1 (same),plots/TIC359496368_1.png
359630395,1,10.1602,3576.0,0.493091,25,1189.1555546975706,12.883586488351662,1723.3283396385566,152.28969999400894,1.4,,4.969880288956529,,,7.501778742662689,36,,,,,,,not vetted,,,,
372816349,1,10.7985,3412.0,0.389836,33,1574.1930721291208,0.41024916645773085,1325.3855099331047,82.0259614631524,4.794610235756755,0.385196522421774,25.881221977376835,27.754705956776178,,30.92509476406323,1789,0.40940758442594105,,0.0,0.0,6.544639796464036,0.015400501901702309,false positive,dip lasts 6.5x longer than a planet could take to cross this star (blend or variability); dip fills 49% of the orbit (not a transit); red-noise test could not be run,SPOC TCE only (never promoted),TCE s0001-s0065-1 (half); TCE s0001-s0069-1 (half); TCE s0001-s0096-3 (half); TCE s0001-s0096-2 (half),plots/TIC372816349_1.png
377293776,1,10.0306,3407.0,0.473603,39,1108.48320751358,2.0439285786604278,1685.342374287398,410.2539452023639,1.0314695584625873,1.0465634859984432,37.31662786612832,34.96254568474836,20.374686048480125,119.1269139549438,418,0.9502576814976196,1.3490864276476704,0.0,0.0,0.7347993021858177,0.012728357926767332,candidate,,known (planet/TOI/CTOI),TOI-1450.01 (same); TOI-1450 A b (same); TCE s0014-s0016-1 (same); TCE s0014-s0019-1 (same); TCE s0014-s0023-1 (same); TCE s0014-s0026-1 (same); TCE s0014-s0041-1 (same); TCE s0014-s0050-1 (same); TCE s0014-s0055-1 (same); TCE s0014-s0060-1 (same); TCE s0014-s0078-1 (same); TCE s0014-s0086-1 (same); TCE s0057-s0057-1 (same),plots/TIC377293776_1.png
377293776,2,10.0306,3407.0,0.473603,39,1108.48320751358,39.10607642095081,1713.6715409540645,599.9169745858038,3.6381884283015395,1.265565917633496,13.813435838273346,10.709908053246586,10.849703859621966,35.53724769135262,16,8.982932659441957,0.9062690789624849,,,0.9703127819690847,0.9953176469638214,false positive,"odd/even depths differ (9.0 sigma): likely eclipsing binary at 2x period; one transit carries 100% of the signal; signal weak in one half of the data (half SNRs 1.1, 14.7); transit depths vary by ~378% (chi2/dof 103.8)",new,,plots/TIC377293776_2.png
377293776,3,10.0306,3407.0,0.473603,39,1108.48320751358,5.285780161269791,1684.3340409540647,135.34965456314674,0.5,,5.933406944888117,,,7.081453112972948,159,,,,,,,not vetted,,,,
38462407,1,8.68639,3840.0,0.583696,41,553.5077323202227,3.3145111024804037,1326.2172452559503,26.535623569932145,4.350384673183173,0.32803948136689515,11.270466488280759,9.843619202968728,1.0392193151204432,15.176174506706507,293,2.5035436167521548,9.73834643631496,-0.9315452830400919,0.0,2.287294567252242,0.12531961648069775,false positive,"dip at phase 0.5 (9.7 sigma): secondary eclipse, or true period is P/2; not distinct from other dips in folded light curve (red-noise SNR 1.0); transit 2.3x longer than expected for this star; another dip in the folded light curve is nearly as strong (uniqueness 0.4)",SPOC TCE only (never promoted),TCE s0001-s0009-2 (same); TCE s0001-s0013-2 (same); TCE s0001-s0013-3 (same); TCE s0001-s0036-2 (same); TCE s0001-s0036-3 (same); TCE s0001-s0039-3 (same); TCE s0001-s0039-2 (same); TCE s0001-s0069-4 (same); TCE s0001-s0069-3 (same); TCE s0001-s0096-6 (same); TCE s0001-s0096-3 (same); TCE s0001-s0096-4 (same); TCE s0002-s0002-1 (third),plots/TIC38462407_1.png
38462407,2,8.68639,3840.0,0.583696,41,553.5077323202227,3.3092160839780336,1325.8609952559502,15.645973964621895,4.7503364037940035,0.25189106890934154,9.10014290538028,6.708049120119219,1.115452736109658,15.19174547040785,297,1.5636603087943446,3.5494273956499343,-0.3466312686019643,0.0,2.4989029018549385,0.16156038307121864,false positive,not distinct from other dips in folded light curve (red-noise SNR 1.1); transit 2.5x longer than expected for this star; another dip in the folded light curve is nearly as strong (uniqueness 0.8),SPOC TCE only (never promoted),TCE s0001-s0009-2 (same); TCE s0001-s0013-2 (same); TCE s0001-s0013-3 (same); TCE s0001-s0036-2 (same); TCE s0001-s0036-3 (same); TCE s0001-s0039-3 (same); TCE s0001-s0039-2 (same); TCE s0001-s0069-4 (same); TCE s0001-s0096-6 (same); TCE s0001-s0096-4 (same); TCE s0002-s0002-1 (third),plots/TIC38462407_2.png
38462407,3,8.68639,3840.0,0.583696,41,553.5077323202227,27.359690155317075,1336.3964119226168,67.70815138741179,4.787570831551372,0.5240007951665366,8.89855527572469,5.222110530839949,3.0821612043836804,14.318894482059655,32,4.884780159018535,-1.2351602223103526,,,1.246607649867127,0.4485817280141929,false positive,odd/even depths differ (4.9 sigma): likely eclipsing binary at 2x period; not distinct from other dips in folded light curve (red-noise SNR 3.1); period near orbit x 2; period near sector x 1; another dip in the folded light curve is nearly as strong (uniqueness 1.0); transit depths vary by ~273% (chi2/dof 7.4),SPOC TCE only (never promoted),TCE s0001-s0006-1 (third),plots/TIC38462407_3.png
38462407,4,8.68639,3840.0,0.583696,41,553.5077323202227,35.928522947542746,1358.621411922617,65.40759754745952,4.402554842343433,0.5150217456271078,7.798958595053845,6.180071618731093,4.03460243087441,12.17554740665908,30,1.5267748474499374,-0.34000829390725174,,,1.0468490542569486,0.5359775806082521,false positive,one transit carries 54% of the signal; not distinct from other dips in folded light curve (red-noise SNR 4.0); another dip in the folded light curve is nearly as strong (uniqueness 1.1); transit depths vary by ~203% (chi2/dof 6.1),new,,plots/TIC38462407_4.png
38462407,5,8.68639,3840.0,0.583696,41,553.5077323202227,20.69433156482796,1341.1755785892835,44.862407383991794,3.029355897116353,0.42653311572272345,6.907402078674774,4.09392951168886,2.2192775559178823,11.61948635741735,44,2.9725935034706894,0.3206173242232191,0.0,0.0,0.865712669059778,0.7536775402853456,false positive,one transit carries 75% of the signal; not distinct from other dips in folded light curve (red-noise SNR 2.2); another dip in the folded light curve is nearly as strong (uniqueness 0.5); transit depths vary by ~298% (chi2/dof 4.2),new,,plots/TIC38462407_5.png
38759628,1,10.4964,3316.0,0.347011,43,1305.729569511974,28.730935015381867,1344.905843702915,296.65090556207895,1.0651131341608409,0.6520649126521895,6.671406551912088,4.854502109649154,5.517390030545668,10.789894009841289,33,0.47618740318809494,1.580874087524195,0.0,0.0,0.3818025217384637,0.6667016234320728,false positive,one transit carries 67% of the signal; modest red-noise SNR 5.5; transit depths vary by ~240% (chi2/dof 4.9),new,,plots/TIC38759628_1.png
391948920,1,9.57917,3422.0,0.416143,38,912.7403741101225,26.0672189546056,1326.5239427312329,128.4790502463015,2.933510505576879,0.5146162586180693,7.550014468230868,7.04307879240509,5.5196970354324515,8.426240698104566,34,3.9260636242653724,-0.6641107728126773,0.0,0.0,0.9726486848665582,0.7856164898583626,false positive,odd/even depths differ (3.9 sigma): likely eclipsing binary at 2x period; one transit carries 79% of the signal; modest red-noise SNR 5.5; transit depths vary by ~335% (chi2/dof 16.0),new,,plots/TIC391948920_1.png
391948920,2,9.57917,3422.0,0.416143,38,912.7403741101225,36.78131407182028,1354.1218593978995,168.3360504913689,1.534461286814449,0.589055087271274,6.168242358779631,5.21479874046662,4.771281910387332,7.500038072251195,25,2.397271021592688,-0.23924330710394928,0.0,0.0,0.45361376431084993,0.846569194116724,false positive,one transit carries 85% of the signal; not distinct from other dips in folded light curve (red-noise SNR 4.8); another dip in the folded light curve is nearly as strong (uniqueness 0.8); transit depths vary by ~238% (chi2/dof 6.8),new,,plots/TIC391948920_2.png
41031598,1,10.6104,3752.0,0.501141,30,1452.2801407654965,0.5637485606218354,1325.5606959236836,30.938290964137956,2.8,,5.91635755280292,,,10.430549051599227,1163,,,,,,,not vetted,,,,
416193425,1,10.4202,3488.0,0.412755,25,1327.5930396269782,0.9510857483021629,1684.1599745183253,42.25182403903131,2.0,,5.539643735335328,,,7.281948981370673,560,,,,,,,not vetted,,,,
55399276,1,10.7316,3426.0,0.363406,41,1508.526190693997,0.40189195613364925,1326.8576335464702,37.10262800103079,0.75,,5.332088384723237,,,7.113006524117545,2274,,,,,,,not vetted,,,,
55452078,1,10.3413,3886.0,0.575588,32,1192.9804618421852,27.402900001611325,1333.1613687439396,163.8625636858743,2.0,,5.215604345598965,,,8.354955577727672,24,,,,,,,not vetted,,,,
55497266,1,9.97382,3567.0,0.479018,21,10658.418019661573,0.6488486418691953,2036.4785124824036,10967.159280287524,3.938385392629582,5.472977455838736,226.63150385913147,35.86067096205066,,2076.4813403266203,758,0.05558817861637967,,0.5664652602111546,0.7754760231880904,4.061749063821153,0.00308268251601507,false positive,dip lasts 4.1x longer than a planet could take to cross this star (blend or variability); dip fills 25% of the orbit (not a transit); red-noise test could not be run,SPOC TCE only (never promoted),TCE s0001-s0036-5 (same); TCE s0001-s0039-3 (double); TCE s0001-s0039-4 (double); TCE s0001-s0039-5 (double); TCE s0001-s0096-1 (double); TCE s0001-s0096-2 (double); TCE s0039-s0039-1 (double),plots/TIC55497266_1.png
55497266,2,9.97382,3567.0,0.479018,21,10658.418019661573,0.6488476262784866,2036.8035124824037,10964.652831772062,3.930364706873122,5.472352019491661,276.8882523569121,39.24642365995183,,1599.0958384572791,759,0.10580898976994696,,0.7435135943648788,0.967176378690777,4.053479202888448,0.0031087259431505938,false positive,dip lasts 4.1x longer than a planet could take to cross this star (blend or variability); dip fills 25% of the orbit (not a transit); red-noise test could not be run,SPOC TCE only (never promoted),TCE s0001-s0036-5 (same); TCE s0001-s0039-3 (double); TCE s0001-s0039-4 (double); TCE s0001-s0039-5 (double); TCE s0001-s0096-1 (double); TCE s0001-s0096-2 (double); TCE s0039-s0039-1 (double),plots/TIC55497266_2.png
55758201,1,10.2867,3835.0,0.585301,40,1214.0538953149999,36.32044423228074,1341.9772971125633,188.49392554511437,2.0,,5.609304967465293,,,8.169499000793238,22,,,,,,,not vetted,,,,
