tic,name,period,source,disposition,recovered,verdict
140687214,TOI-4327.01,0.8303285,TOI,PC,True,candidate
141527579,TOI-698.01,15.0867737832821,TOI,PC,True,candidate
141608198,TOI-210.01,9.01054136695366,TOI,PC,True,candidate
141708335,CTOI-141708335.01,4.761678,CTOI,PC,True,weak candidate
150428135,TOI-700.01,16.0511059784547,TOI,CP,True,candidate
150428135,TOI-700.02,37.4236838274161,TOI,CP,True,candidate
150428135,TOI-700.03,9.97727296315733,TOI,CP,True,candidate
150428135,TOI-700.04,27.8096897573547,TOI,CP,True,candidate
150428135,TOI-700 b,9.97722,CONFIRMED,CONFIRMED,True,candidate
150428135,TOI-700 c,16.0511039,CONFIRMED,CONFIRMED,True,candidate
150428135,TOI-700 d,37.423457,CONFIRMED,CONFIRMED,True,candidate
150428135,TOI-700 e,27.810124,CONFIRMED,CONFIRMED,True,candidate
165551882,TOI-1633.01,12.158280380607051,TOI,FA,False,
198162530,TOI-5738.01,0.768125005544612,TOI,PC,False,
198162530,TOI-5738.02,28.5462089350188,TOI,PC,False,
198211976,TOI-2283.01,0.401858632647585,TOI,FA,True,false positive
198385543,TOI-1846.01,3.93067462792567,TOI,CP,True,candidate
198385543,TOI-1846 b,3.9306737,CONFIRMED,CONFIRMED,True,candidate
219195044,TOI-714.01,4.32393293697599,TOI,PC,True,candidate
219195044,TOI-714.02,10.1775474811488,TOI,PC,True,candidate
219780306,GJ 685 b,24.16,CONFIRMED,CONFIRMED,False,
219860288,TOI-1743.01,4.2660553,TOI,CP,True,candidate
219860288,TOI-1743 b,4.266046,CONFIRMED,CONFIRMED,True,candidate
219875976,TOI-5728.01,11.4974559035731,TOI,PC,True,candidate
219875976,TOI-5728 b,11.49761,CONFIRMED,CONFIRMED,True,candidate
220479565,TOI-269.01,3.69771670923474,TOI,CP,True,candidate
220479565,TOI-269 b,3.6977104,CONFIRMED,CONFIRMED,True,candidate
229781583,TOI-1245.01,4.8204512,TOI,CP,True,candidate
230086768,TOI-1635.01,34.9270482759269,TOI,FP,True,false positive
232635922,TOI-1745.01,5.9848710165382,TOI,PC,True,false positive
233738446,CTOI-233738446.01,14.360318,CTOI,PC,True,weak candidate
235678745,TOI-2095.01,17.664866001981,TOI,CP,True,candidate
235678745,TOI-2095.02,28.1722500657948,TOI,CP,True,candidate
235678745,TOI-2095.03,57.686901917061114,TOI,PC,False,
235678745,TOI-2095 c,28.17232,CONFIRMED,CONFIRMED,True,candidate
235678745,TOI-2095 b,17.66484,CONFIRMED,CONFIRMED,True,candidate
235683377,TOI-1442.01,0.4090674830756468,TOI,CP,True,candidate
235683377,TOI-1442 b,0.4090677,CONFIRMED,CONFIRMED,True,candidate
237920046,TOI-873.01,5.93120031973402,TOI,CP,True,candidate
258776466,TOI-7391.01,7.4108494594523,TOI,CP,True,candidate
259168516,TOI-1680.01,4.80265608124775,TOI,CP,True,candidate
259168516,TOI-1680 b,4.8026345,CONFIRMED,CONFIRMED,True,candidate
259233660,TOI-6000.01,0.448958911953033,TOI,CP,True,candidate
259233660,TOI-6000 b,0.448959,CONFIRMED,CONFIRMED,True,candidate
260004324,TOI-704.01,3.8143135562502177,TOI,CP,True,candidate
260004324,CTOI-260004324.01,3.8157,CTOI,PC,True,candidate
260004324,LHS 1815 b,3.814334,CONFIRMED,CONFIRMED,True,candidate
260657291,CTOI-260657291.01,0.36917,CTOI,PC,True,false positive
260708537,TOI-486.01,1.7446983660002615,TOI,CP,True,candidate
260708537,GJ 238 b,1.7446999,CONFIRMED,CONFIRMED,True,candidate
271596225,TOI-797.01,1.80079353378185,TOI,CP,True,candidate
271596225,TOI-797.02,4.14000615470571,TOI,PC,True,candidate
271596225,TOI-797.03,2.73094491160295,TOI,PC,True,candidate
271698144,CTOI-271698144.01,1.255027,CTOI,PC,True,false positive
272086159,TOI-176.01,16.155373,TOI,FP,True,candidate
272232401,COCONUTS-2 b,402000000.0,CONFIRMED,CONFIRMED,False,
272466980,CTOI-272466980.01,3.456137,CTOI,PC,False,
279251651,TOI-419.01,0.403842579347559,TOI,FP,True,false positive
287139872,TOI-1752.01,0.935189077550389,TOI,CP,True,candidate
287139872,TOI-1752.02,32.7135406170529,TOI,CP,False,
287139872,TOI-1752 b,0.9351861,CONFIRMED,CONFIRMED,True,candidate
287139872,TOI-1752 c,32.71443,CONFIRMED,CONFIRMED,False,
300651846,CTOI-300651846.01,0.344,CTOI,FP,True,false positive
300710077,TOI-789.01,5.44706477562336,TOI,CP,True,candidate
300710077,TOI-789.02,12.9707041096505,TOI,PC,True,candidate
300710077,TOI-789.03,8.04323434410059,TOI,PC,True,candidate
307210830,TOI-175.01,3.690675857802184,TOI,CP,True,candidate
307210830,TOI-175.02,7.4507305,TOI,CP,True,candidate
307210830,TOI-175.03,2.253106161749305,TOI,CP,True,candidate
307210830,CTOI-307210830.04,1.048,CTOI,PC,True,false positive
307210830,L 98-59 b,2.253114,CONFIRMED,CONFIRMED,True,candidate
307210830,L 98-59 c,3.6906764,CONFIRMED,CONFIRMED,True,candidate
307210830,L 98-59 d,7.450729,CONFIRMED,CONFIRMED,True,candidate
307210830,L 98-59 e,12.8278,CONFIRMED,CONFIRMED,False,
307210830,L 98-59 f,23.064,CONFIRMED,CONFIRMED,False,
32090583,TOI-218.01,0.4384814340106602,TOI,PC,True,candidate
32090583,TOI-218.02,8.35221428760477,TOI,PC,True,candidate
321669174,TOI-2081.01,10.5054361713606,TOI,CP,True,candidate
321669174,TOI-2081.02,5.109656149006509,TOI,PC,False,
321669174,TOI-2081 b,10.50534,CONFIRMED,CONFIRMED,True,candidate
332477926,TOI-1754.01,16.2143216884247,TOI,PC,True,candidate
356016119,TOI-2094.01,18.793174918788,TOI,PC,True,candidate
356016119,TOI-2094 b,18.793193,CONFIRMED,CONFIRMED,True,candidate
356871098,TOI-5983.01,1.02718788625003,TOI,PC,True,candidate
359496368,TOI-1178.01,2.6652007,TOI,FP,True,false positive
364074068,TOI-1756.01,2.78301136608212,TOI,PC,True,candidate
364074068,TOI-1756 b,2.78301736297,CONFIRMED,CONFIRMED,True,candidate
374829238,TOI-785.01,18.628610243557645,TOI,PC,False,
377293776,TOI-1450.01,2.04392678076552,TOI,CP,True,candidate
377293776,TOI-1450 A b,2.0439274,CONFIRMED,CONFIRMED,True,candidate
377293776,TOI-1450 A c,5.0688,CONFIRMED,CONFIRMED,False,
38460940,TOI-805.01,4.11776485649483,TOI,PC,True,candidate
420130591,G 261-6 b,5.4536,CONFIRMED,CONFIRMED,False,
441738827,TOI-2084.01,6.078474808284731,TOI,CP,True,candidate
441738827,TOI-2084.02,8.148521808406587,TOI,FP,True,false positive
441738827,TOI-2084 b,6.0784247,CONFIRMED,CONFIRMED,True,candidate
441798995,TOI-2269.01,1.42060361110023,TOI,FA,True,candidate
441798995,TOI-2269.02,2.8411415,TOI,PC,True,candidate
441798995,TOI-2269.03,10.4029110825691,TOI,PC,True,candidate
55650590,TOI-206.01,0.736313219931196,TOI,CP,True,candidate
55650590,TOI-206 b,0.7363104,CONFIRMED,CONFIRMED,True,candidate
